﻿id_bien,titre_complet,type_bien,type_offre,ville,quartier,surface_m2,prix_fcfa,prix_m2,latitude,longitude,source,date_publication,date_collecte,url_annonce,url_photo,statut
743948575182267,Terrain à vendre,Terrain,Vente,Lomé,Non spécifié,350.0,3500000.0,10000.0,,,Facebook Marketplace,,2026-02-12,https://www.facebook.com/marketplace/item/743948575182267,https://scontent-ord5-2.xx.fbcdn.net/v/t39.30808-6/631610811_3554885674691062_8216956751755881842_n.jpg?stp=c80.0.560.560a_dst-jpg_s261x260_tt6&_nc_cat=103&ccb=1-7&_nc_sid=454cf4&_nc_ohc=53W_iIpdYsUQ7kNvwFS2Hzd&_nc_oc=Adn69_Q6DGJY5b8r3cV_0VJ8VANfwjzK9vWxaIFAwr2oyO6MnmINtX9hm9Lfcb74c-g&_nc_zt=23&_nc_ht=scontent-ord5-2.xx&_nc_gid=mZpm05EGj7y2RCTRD4c54Q&oh=00_AfvV7kvuof_d7LOws4z5z5vy82SxPbt_dtK3DVKyWi24EQ&oe=6992E550,Active
1389932642267793,Terrain 1lot et 1/4 à Nanegbe Lomé,Terrain,Vente,Lomé,Be,437.5,2850000.0,6514.29,,,Facebook Marketplace,,2026-02-12,https://www.facebook.com/marketplace/item/1389932642267793,https://scontent-ord5-2.xx.fbcdn.net/v/t39.30808-6/623480155_3388055581342738_7532153724689598854_n.jpg?stp=c0.86.780.780a_dst-jpg_s261x260_tt6&_nc_cat=102&ccb=1-7&_nc_sid=454cf4&_nc_ohc=4pP0JGA4bnYQ7kNvwGt9MS1&_nc_oc=AdnEOEwP_UULcPoT4YSk4203PXB7zXUnWa8PmPdVJQBJHMqyTsrPOkpmKxHpTxODJgo&_nc_zt=23&_nc_ht=scontent-ord5-2.xx&_nc_gid=mZpm05EGj7y2RCTRD4c54Q&oh=00_AfsYJ6CjKeG3MDtzIhfg4Es6bA7xqXYYWn9cIi4eS2V7kw&oe=6992E388,Active
951012430688033,TERRAIN À VENDRE ADAKPAMÉ-LOMÉ,Terrain,Vente,Lomé,Adakpame,87.5,1500000.0,17142.86,,,Facebook Marketplace,,2026-02-12,https://www.facebook.com/marketplace/item/951012430688033,https://scontent-ord5-1.xx.fbcdn.net/v/t39.30808-6/632852005_1386669966538859_6446377266524826953_n.jpg?stp=c127.0.762.762a_dst-jpg_s261x260_tt6&_nc_cat=101&ccb=1-7&_nc_sid=454cf4&_nc_ohc=voQLGFJUykAQ7kNvwE9NO_T&_nc_oc=AdnSERwzAPIeyGkR3nBvN0BAkmH_ytmvIxvhIuXOtDKFsUELj3IfZcc2zqKKRnaIrlg&_nc_zt=23&_nc_ht=scontent-ord5-1.xx&_nc_gid=mZpm05EGj7y2RCTRD4c54Q&oh=00_Afu-vBVR05cf9IEBeMisCA9pgVpp9AlMW93N3Cie2oSIdA&oe=6992FF0D,Active
938139318568596,TERRAIN A VENDRE LOMÉ ADETIKOPE,Terrain,Vente,Lomé,Adetikope,43.75,30000.0,685.71,,,Facebook Marketplace,,2026-02-12,https://www.facebook.com/marketplace/item/938139318568596,https://scontent-ord5-1.xx.fbcdn.net/v/t39.30808-6/627685896_122195881388791442_8807239759527483711_n.jpg?stp=c0.74.856.856a_dst-jpg_s261x260_tt6&_nc_cat=111&ccb=1-7&_nc_sid=454cf4&_nc_ohc=m2SfsZUZf2IQ7kNvwHcinBQ&_nc_oc=AdlQTm-F3qpFfZRYOaByVRoZJaQyuCOowxAowuzMQHP9raMfY9j-_rSBYqJRcyu6jJw&_nc_zt=23&_nc_ht=scontent-ord5-1.xx&_nc_gid=mZpm05EGj7y2RCTRD4c54Q&oh=00_AfteZUSxhb7qOudBY1bLIRNzdePLuvMZRVQnp0TLaZuyOg&oe=6992F4C8,Active
1213249704274682,☎️🇹🇬 TÉL [hidden information] TERRAIN A vendre à Lomé quartier adidogome wonyome 1/4 de lot,Terrain,Vente,Lomé,Wonyome,87.5,9000000.0,102857.14,,,Facebook Marketplace,,2026-02-12,https://www.facebook.com/marketplace/item/1213249704274682,https://scontent-ord5-2.xx.fbcdn.net/v/t39.30808-6/632903584_122209787000324094_1131288117072020156_n.jpg?stp=c0.86.780.780a_dst-jpg_s261x260_tt6&_nc_cat=103&ccb=1-7&_nc_sid=454cf4&_nc_ohc=4A51sEYfdAQQ7kNvwFPUCaY&_nc_oc=AdlhOWxnu-mbhmJIH9YsFwwegl8dvYPvBjauIDFGzEQ07i_Na6UqEZcF3xcsmvi3YhE&_nc_zt=23&_nc_ht=scontent-ord5-2.xx&_nc_gid=mZpm05EGj7y2RCTRD4c54Q&oh=00_Afth4nfYkRbRl7FkQ1V_K4eo3hCnje52GA5tD3VRYKMs3g&oe=69930BB4,Active
1621339552611966,Terrain à GTA LOME,Terrain,Vente,Lomé,Non spécifié,87.5,1100000.0,12571.43,,,Facebook Marketplace,,2026-02-12,https://www.facebook.com/marketplace/item/1621339552611966,https://scontent-ord5-2.xx.fbcdn.net/v/t39.84726-6/598806809_901169445922023_2810214393719239556_n.jpg?stp=c0.115.261.261a_dst-jpg_p261x260_tt6&_nc_cat=102&ccb=1-7&_nc_sid=92e707&_nc_ohc=p2kRK0j9esYQ7kNvwHKyYtd&_nc_oc=Adl3tQXvyoNE1wRfZ3iA7zDQmQ3WE3LoeWBP6rc1rP65U39VN46OGgJbLu2Bg-xrG5g&_nc_zt=14&_nc_ht=scontent-ord5-2.xx&_nc_gid=mZpm05EGj7y2RCTRD4c54Q&oh=00_AftLl_7zy3pyV0oi0x0qct-ny6ICnZeJbvWApqiv2XXf1g&oe=6992E7F2,Active
2125154864936008,☎️🇹🇬 TÉL [hidden information] terrain 1/4 Avendre Lomé adidogome wonyome,Terrain,Vente,Lomé,Wonyome,350.0,9000000.0,25714.29,,,Facebook Marketplace,,2026-02-12,https://www.facebook.com/marketplace/item/2125154864936008,https://scontent-ord5-3.xx.fbcdn.net/v/t39.30808-6/631511156_122164445672943997_5512653193432392796_n.jpg?stp=c0.86.780.780a_dst-jpg_s261x260_tt6&_nc_cat=100&ccb=1-7&_nc_sid=454cf4&_nc_ohc=DE_zUNyXdQYQ7kNvwE2p6SQ&_nc_oc=AdkUg9IC2pZY7d71GvH2sXw8ucmTM93r1YiukDBml74rnwOyZikFyv1U4-FUJjcRMOQ&_nc_zt=23&_nc_ht=scontent-ord5-3.xx&_nc_gid=mZpm05EGj7y2RCTRD4c54Q&oh=00_AfvtrfXNYa8iw3tlXmQAXl2_G_pgOgrTn0_r75pxcTL9Gg&oe=6992E643,Active
745035971671567,TERRAIN À VENDRE CENTRE VILLE LOMÉ ZONGO,Terrain,Vente,Lomé,Zongo,43.75,750000.0,17142.86,,,Facebook Marketplace,,2026-02-12,https://www.facebook.com/marketplace/item/745035971671567,https://scontent-ord5-3.xx.fbcdn.net/v/t39.30808-6/624562479_122195891402791442_8165731688088452479_n.jpg?stp=c0.121.714.714a_dst-jpg_s261x260_tt6&_nc_cat=110&ccb=1-7&_nc_sid=454cf4&_nc_ohc=tRrcJWBxCiEQ7kNvwENFgRt&_nc_oc=AdkKKrG5IyH3ZWMmbm8jvl6eOSg0L_cNCAsWMS0pcoigunaUJNNhhRXkMA1cGUrwiW8&_nc_zt=23&_nc_ht=scontent-ord5-3.xx&_nc_gid=mZpm05EGj7y2RCTRD4c54Q&oh=00_AfsS0fj8prEqLn0AIuc9E0sdddJNTocTEvBVa2V5_LcI4Q&oe=6992FA42,Active
2668558960169546,Terrain à vendre,Terrain,Vente,Lomé,Non spécifié,350.0,3000000.0,8571.43,,,Facebook Marketplace,,2026-02-12,https://www.facebook.com/marketplace/item/2668558960169546,https://scontent-ord5-1.xx.fbcdn.net/v/t39.30808-6/627539673_1671819707116447_5576476551356007257_n.jpg?stp=c0.83.768.768a_dst-jpg_s261x260_tt6&_nc_cat=108&ccb=1-7&_nc_sid=454cf4&_nc_ohc=nfLipqAirU4Q7kNvwF_cfCX&_nc_oc=Adna2NWmEBir3Viwh3AN4oH2EBPCBPNNEH9Li5heJaNznmEaFyPyRFpx8Jt6BBCwZf4&_nc_zt=23&_nc_ht=scontent-ord5-1.xx&_nc_gid=mZpm05EGj7y2RCTRD4c54Q&oh=00_AfslRi2JERgEiydn-_y0_UdWkWx3ssgM80kcBF43U_jhmw&oe=6992FC71,Active
1156440519342137,À VENDRE 20 HECTARES DE TERRAIN SUR LA VOIE DE LOMÉ-KPALIMÉ,Terrain,Vente,Lomé,Kpalime,87.5,2000000.0,22857.14,,,Facebook Marketplace,,2026-02-12,https://www.facebook.com/marketplace/item/1156440519342137,https://scontent-ord5-1.xx.fbcdn.net/v/t39.84726-6/576315966_1342154380253802_5683247183408609007_n.jpg?stp=c43.0.260.260a_dst-jpg_p261x260_tt6&_nc_cat=101&ccb=1-7&_nc_sid=92e707&_nc_ohc=X-lPGrM_heMQ7kNvwEiPOVd&_nc_oc=AdnA1W8gMhbSFf0kYfS6idGemn-iPw2YE2VKm-N9KZW0SWnjae2U08tzY8_xotEgVJg&_nc_zt=14&_nc_ht=scontent-ord5-1.xx&_nc_gid=mZpm05EGj7y2RCTRD4c54Q&oh=00_AfuzcTmX1EsfQ72vWcNenhrhUJ0HfqlLgCk_ohRybtZ62g&oe=6992DBB6,Active
1246606414046814,Terrain à vendre,Terrain,Vente,Lomé,Non spécifié,87.5,1800000.0,20571.43,,,Facebook Marketplace,,2026-02-12,https://www.facebook.com/marketplace/item/1246606414046814,https://scontent-ord5-2.xx.fbcdn.net/v/t39.30808-6/626820556_905587905556168_4090962344580740291_n.jpg?stp=dst-jpg_s261x260_tt6&_nc_cat=105&ccb=1-7&_nc_sid=454cf4&_nc_ohc=ahRoBmy1FocQ7kNvwGxvoZE&_nc_oc=AdlFzuodkZgk74527kO0PEaH4CSe-SPjoEDFwl89Zbt2xbs_GhMfuSG7ndvw63Rgojc&_nc_zt=23&_nc_ht=scontent-ord5-2.xx&_nc_gid=mZpm05EGj7y2RCTRD4c54Q&oh=00_AfsZPJ8QXZ5m366t-gsI7FjFhte8I4j3IH3g7WFS0qufQg&oe=6992DBE2,Active
889343643979323,Terrain,Terrain,Vente,Lomé,Non spécifié,700.0,12000000.0,17142.86,,,Facebook Marketplace,,2026-02-12,https://www.facebook.com/marketplace/item/889343643979323,https://scontent-ord5-3.xx.fbcdn.net/v/t39.84726-6/629251779_1237750768322040_5373864775687023066_n.jpg?stp=c0.43.261.261a_dst-jpg_p261x260_tt6&_nc_cat=110&ccb=1-7&_nc_sid=92e707&_nc_ohc=rLrA5BPsCPUQ7kNvwFsN6xQ&_nc_oc=AdlU-P26oeBnxq0sNElBm96GTEdCMTxt-FsT0eCWzTgmzyfIyrOuJltDW5zI1V8vcck&_nc_zt=14&_nc_ht=scontent-ord5-3.xx&_nc_gid=mZpm05EGj7y2RCTRD4c54Q&oh=00_AfvR_jk6pl2HHFbAvru8fxwo4zgdaxBlqFDvldXnwBEuPA&oe=6992FDF0,Active
1436244844885404,Terrain à vendre Djagblé,Terrain,Vente,Lomé,Non spécifié,87.5,1200000.0,13714.29,,,Facebook Marketplace,,2026-02-12,https://www.facebook.com/marketplace/item/1436244844885404,https://scontent-ord5-2.xx.fbcdn.net/v/t39.30808-6/605837614_1353805916491931_7683304971192981350_n.jpg?stp=c160.0.960.960a_dst-jpg_s261x260_tt6&_nc_cat=104&ccb=1-7&_nc_sid=454cf4&_nc_ohc=XPmJvebjdCwQ7kNvwFl7w9P&_nc_oc=Adn6xwIUpAY7qFhJQ1-iMlLFzDR14YewDYtqC5yXjjGezQSMd-b66r_sBE9WDgsp2xo&_nc_zt=23&_nc_ht=scontent-ord5-2.xx&_nc_gid=mZpm05EGj7y2RCTRD4c54Q&oh=00_AfsRY5MpQvvjBfAn8gCTYbvS13213OfWD5PTUvPLbo-EVQ&oe=6992E9E6,Active
835782296129621,Des terrains à vendre en ville a lomé,Terrain,Vente,Lomé,Non spécifié,43.75,1000000.0,22857.14,,,Facebook Marketplace,,2026-02-12,https://www.facebook.com/marketplace/item/835782296129621,https://scontent-ord5-2.xx.fbcdn.net/v/t39.30808-6/616446060_2518232751924642_2617985060090251264_n.jpg?stp=c0.11.825.825a_dst-jpg_s261x260_tt6&_nc_cat=103&ccb=1-7&_nc_sid=454cf4&_nc_ohc=D1eFJH3d5cQQ7kNvwFy-puu&_nc_oc=AdnzCzvrOMLiuZIcOshygkWDFXgII5yxwqt8CQ4O8HgcaY0ozlxyn2FpQGwqdGWKUhQ&_nc_zt=23&_nc_ht=scontent-ord5-2.xx&_nc_gid=mZpm05EGj7y2RCTRD4c54Q&oh=00_AfuBkKwIk6jI9VYs3YeZ2iPt7F9Ci0z0_GdQK-mWCBLxyA&oe=6992F2BE,Active
1193980222922373,Terrain à vendre,Terrain,Vente,Lomé,Non spécifié,87.5,1200000.0,13714.29,,,Facebook Marketplace,,2026-02-12,https://www.facebook.com/marketplace/item/1193980222922373,https://scontent-hou1-1.xx.fbcdn.net/v/t39.84726-6/616786384_1617635982929038_283786084986983029_n.jpg?stp=c0.42.261.261a_dst-jpg_p261x260_tt6&_nc_cat=100&ccb=1-7&_nc_sid=92e707&_nc_ohc=jo4rR8M8kaIQ7kNvwFZw-lt&_nc_oc=Adn6XyCUeRSV5JrPHMlbMWmcu3XMyQXvuSIJvp3OvK1x_9myd5btKI98SZ4DqdZXtiA&_nc_zt=14&_nc_ht=scontent-hou1-1.xx&_nc_gid=ZUcBXqnoi5MAs_RB9ldMeQ&oh=00_Afv9dtUdBqURj6os_PATHl6c4gkiIVVXxiBSq9LYWLdNdg&oe=6992ECDF,Active
1436244844885404,Terrain à vendre Djagblé,Terrain,Vente,Lomé,Non spécifié,87.5,1200000.0,13714.29,,,Facebook Marketplace,,2026-02-12,https://www.facebook.com/marketplace/item/1436244844885404,https://scontent-hou1-1.xx.fbcdn.net/v/t39.30808-6/605837614_1353805916491931_7683304971192981350_n.jpg?stp=c160.0.960.960a_dst-jpg_s261x260_tt6&_nc_cat=104&ccb=1-7&_nc_sid=454cf4&_nc_ohc=XPmJvebjdCwQ7kNvwGAgMVp&_nc_oc=AdmaEezITb0j35N48d_V7FKgSUBE6Giy4W7xyjySOkul2AO_UA6CuWpCS5Kx7ISYIao&_nc_zt=23&_nc_ht=scontent-hou1-1.xx&_nc_gid=ZUcBXqnoi5MAs_RB9ldMeQ&oh=00_AfuC8yKkMPYgF1e5B9giinWls0NPYaUO2gQws1tjuTlL3g&oe=6992E9E6,Active
1570157800837856,Terrain à vendre Agoé Lomé,Terrain,Vente,Lomé,Agoe,700.0,12000000.0,17142.86,,,Facebook Marketplace,,2026-02-12,https://www.facebook.com/marketplace/item/1570157800837856,https://scontent-hou1-1.xx.fbcdn.net/v/t39.84726-6/583033370_652028644530356_6508782712538904106_n.jpg?stp=c0.54.261.261a_dst-jpg_p261x260_tt6&_nc_cat=111&ccb=1-7&_nc_sid=92e707&_nc_ohc=MURn0wPcZi4Q7kNvwG__wNq&_nc_oc=Adn6qUuB1tNg9_sR83UWdDp_0xtizmQxquG_8uNg9BH7z3dPN-JtKmpjjWp1Sz96QqY&_nc_zt=14&_nc_ht=scontent-hou1-1.xx&_nc_gid=ZUcBXqnoi5MAs_RB9ldMeQ&oh=00_Afv665dkvk_3U0Bhj51AwLaXidzw5Qv4EBQRUlJpT1PFIw&oe=699302F0,Active
835782296129621,Des terrains à vendre en ville a lomé,Terrain,Vente,Lomé,Non spécifié,43.75,1000000.0,22857.14,,,Facebook Marketplace,,2026-02-12,https://www.facebook.com/marketplace/item/835782296129621,https://scontent-hou1-1.xx.fbcdn.net/v/t39.30808-6/616446060_2518232751924642_2617985060090251264_n.jpg?stp=c0.11.825.825a_dst-jpg_s261x260_tt6&_nc_cat=103&ccb=1-7&_nc_sid=454cf4&_nc_ohc=D1eFJH3d5cQQ7kNvwFgAK-7&_nc_oc=Adkq2xqZMFjPeGDkYYvw_mL2DZ9bdm5ZH7SFwpYNTSrXDvqs8Tvm_B2MDLGGMn8-Qx4&_nc_zt=23&_nc_ht=scontent-hou1-1.xx&_nc_gid=ZUcBXqnoi5MAs_RB9ldMeQ&oh=00_AfsW0Unu6BJcjcvj0QgotIDZi-6s1wmSlJqoxzjAwKAJVg&oe=6992F2BE,Active
1269979174929653,OPPORTUNITÉ UNIQUE À LOMÉ – TERRAIN AU BORD DU GOUDRON EN ANGLE DE RUE DE 499m² CLÔTURÉ SUR LA ROUTE,Terrain,Vente,Lomé,Non spécifié,499.0,4900000.0,9819.64,,,Facebook Marketplace,,2026-02-12,https://www.facebook.com/marketplace/item/1269979174929653,https://scontent-hou1-1.xx.fbcdn.net/v/t39.84726-6/564732461_1573113844100059_3486293806005803814_n.jpg?stp=c43.0.260.260a_dst-jpg_p261x260_tt6&_nc_cat=100&ccb=1-7&_nc_sid=92e707&_nc_ohc=-jmRac4JRGEQ7kNvwEJ-9SJ&_nc_oc=AdkqvWVOjutSuOqCCiSNoKG2s8_95OMgdrb_pktDMPMMfQUOzk5qVHV46DX3mK_G0Kg&_nc_zt=14&_nc_ht=scontent-hou1-1.xx&_nc_gid=ZUcBXqnoi5MAs_RB9ldMeQ&oh=00_Afuk8TcVCjrS9U0J1nIpDDflOVkemPZtA3jcndc0lRmUjQ&oe=6992D70C,Active
1957863601830111,Terrain à vendre avec titre foncier,Terrain,Vente,Lomé,Non spécifié,700.0,20000000.0,28571.43,,,Facebook Marketplace,,2026-02-12,https://www.facebook.com/marketplace/item/1957863601830111,https://scontent-hou1-1.xx.fbcdn.net/v/t39.84726-6/605540565_842352915234663_6452132356015937620_n.jpg?stp=c0.174.261.261a_dst-jpg_p261x260_tt6&_nc_cat=100&ccb=1-7&_nc_sid=92e707&_nc_ohc=CJrzRorSpNoQ7kNvwGvhIlA&_nc_oc=Adkqx66wrYJH1hEL5all1Y40_Tfc3YSIrDQHtCPpzj4YtnUBb8t5fjRXQqILcNAjMg8&_nc_zt=14&_nc_ht=scontent-hou1-1.xx&_nc_gid=ZUcBXqnoi5MAs_RB9ldMeQ&oh=00_Afsxi5J77XZcB27VjbDnzfJ4R5bvkgKBF9KtEeY925Ckpw&oe=69930338,Active
1371267704349217,"#TERRAIN A VENDRE À #KPESSI 
Un terrain mis en vente à kpessi au bord du lac sur la voie de Lomé Ane",Terrain,Vente,Lomé,Vo,350.0,7000000.0,20000.0,,,Facebook Marketplace,,2026-02-12,https://www.facebook.com/marketplace/item/1371267704349217,https://scontent-hou1-1.xx.fbcdn.net/v/t39.30808-6/576186449_874766534903680_6061980844392304609_n.jpg?stp=c0.34.720.720a_dst-jpg_s261x260_tt6&_nc_cat=109&ccb=1-7&_nc_sid=454cf4&_nc_ohc=NRTqtbZGdbcQ7kNvwHkbG5a&_nc_oc=AdleaN8yfEYxPtqm4w8Y0wkoj1FezDiz3AYg7oAm8ysYOae6hvnCUsHI_vvG7FY_Yi8&_nc_zt=23&_nc_ht=scontent-hou1-1.xx&_nc_gid=ZUcBXqnoi5MAs_RB9ldMeQ&oh=00_Afvee_GQmkdUYE8KneP0bXwBgBeyVuZDFmcyhvYDrYNscw&oe=6992FD49,Active
1888754018522734,Terrain à Avedji Lomé,Terrain,Vente,Lomé,Avedji,700.0,12000000.0,17142.86,,,Facebook Marketplace,,2026-02-12,https://www.facebook.com/marketplace/item/1888754018522734,https://scontent-hou1-1.xx.fbcdn.net/v/t39.84726-6/571199193_2022763861892511_969675149145779396_n.jpg?stp=c0.43.261.261a_dst-jpg_p261x260_tt6&_nc_cat=100&ccb=1-7&_nc_sid=92e707&_nc_ohc=Zuv2pTApygUQ7kNvwGrU5CF&_nc_oc=Adkx-CnAKvV14kOKC9awnwOOI0gfGcTthhvuQs9U9wSHdnjdhoBhspzSIvikBnuK9P8&_nc_zt=14&_nc_ht=scontent-hou1-1.xx&_nc_gid=ZUcBXqnoi5MAs_RB9ldMeQ&oh=00_AfspLYrQwChMzM5HLN2pQtAaJSBcmc_g5Gi6_Ud8t5EiSg&oe=6992ED6A,Active
784475667385741,TERRAIN À VENDRE DJAGBLÉ - LÉBÉ,Terrain,Vente,Lomé,Be,350.0,9000000.0,25714.29,,,Facebook Marketplace,,2026-02-12,https://www.facebook.com/marketplace/item/784475667385741,https://scontent-hou1-1.xx.fbcdn.net/v/t39.30808-6/623817426_1376086277597228_2019157668993745772_n.jpg?stp=c127.0.762.762a_dst-jpg_s261x260_tt6&_nc_cat=111&ccb=1-7&_nc_sid=454cf4&_nc_ohc=wJdwMH3jnd0Q7kNvwFnbjFb&_nc_oc=AdmXySNBebmNjy8edD72C_owThZhOJWFCAnleDSOxxIrKNcTK4yZa6rR_CkllG9yG68&_nc_zt=23&_nc_ht=scontent-hou1-1.xx&_nc_gid=ZUcBXqnoi5MAs_RB9ldMeQ&oh=00_AfvmcqCy5qm21TDXMsHvLlO36AXzF4d-c_2aLQIxkjQ6Jg&oe=6992E6B6,Active
1549322059687476,"*LENOVO IDEAPAD SLIM 3 15AMN8  AMD Ryzen 5 13th génération, Dédiée 02Go DDR5 Radeon 610M.Pc clean",Terrain,Vente,Lomé,Vo,610.0,610000000.0,1000000.0,,,Facebook Marketplace,,2026-02-12,https://www.facebook.com/marketplace/item/1549322059687476,https://scontent-hou1-1.xx.fbcdn.net/v/t39.84726-6/629518465_1587271369263830_2577994129333933952_n.jpg?stp=c0.43.261.261a_dst-jpg_p261x260_tt6&_nc_cat=104&ccb=1-7&_nc_sid=92e707&_nc_ohc=QlAaOHebPxoQ7kNvwEWFVDR&_nc_oc=AdmwtB3jjyX5DHoRDcGF4vl9KRwpnNh41fc73cCFW_WkBeXHDkjatB3fZpSZyokxl_M&_nc_zt=14&_nc_ht=scontent-hou1-1.xx&_nc_gid=ZUcBXqnoi5MAs_RB9ldMeQ&oh=00_Aftj8CdG4b00ePXujwVQkP-yBJQ3A2DLQd80qB_AlObMkQ&oe=699301D2,Active
1420438779446151,Terrain ½ lot clôturé à vendre à Lomé quartier avédji wessomé 00228 91 68 75 87,Terrain,Vente,Lomé,Avedji,87.5,1600000.0,18285.71,,,Facebook Marketplace,,2026-02-12,https://www.facebook.com/marketplace/item/1420438779446151,https://scontent-hou1-1.xx.fbcdn.net/v/t39.30808-6/623106588_912557354896945_7592840995246066258_n.jpg?stp=dst-jpg_s261x260_tt6&_nc_cat=111&ccb=1-7&_nc_sid=454cf4&_nc_ohc=eASGho25gXEQ7kNvwGYiUOS&_nc_oc=AdlKNjpTHT_gl_wnK03YkIr0RmUX39jUaU8ogrzFbgdbwiKFRVJtoNPDsyt7mDnC-BU&_nc_zt=23&_nc_ht=scontent-hou1-1.xx&_nc_gid=ZUcBXqnoi5MAs_RB9ldMeQ&oh=00_Afs-srICyZqcB1ToZx9FzOXqFvpcohLT8tYFRwP_cAWLwA&oe=6992E262,Active
25797688043252635,Terrain 1/8 à vendre avec construction,Terrain,Vente,Vo,Non spécifié,350.0,4000000.0,11428.57,,,Facebook Marketplace,,2026-02-12,https://www.facebook.com/marketplace/item/25797688043252635,https://scontent-hou1-1.xx.fbcdn.net/v/t39.84726-6/624425551_885735347684572_474305301673208496_n.jpg?stp=c158.0.260.260a_dst-jpg_p261x260_tt6&_nc_cat=104&ccb=1-7&_nc_sid=92e707&_nc_ohc=wuHBH5WTgXEQ7kNvwGoD61L&_nc_oc=AdmdNyqOE4QUJiQxG42dcYqFcnJ8AKuZzZXVUS_RVBvTH7UAKgusQxL4l5g2lKPMGmI&_nc_zt=14&_nc_ht=scontent-hou1-1.xx&_nc_gid=ZUcBXqnoi5MAs_RB9ldMeQ&oh=00_AftRKO7PlPdGZMS4RAfkTilFIi029lDVZcOkYv0NfX6qaQ&oe=6992FEB5,Active
2659888014380500,Terrain,Terrain,Vente,Lomé,Non spécifié,87.5,2000000.0,22857.14,,,Facebook Marketplace,,2026-02-12,https://www.facebook.com/marketplace/item/2659888014380500,https://scontent-hou1-1.xx.fbcdn.net/v/t39.84726-6/619833285_1228111622749002_5242237317462974775_n.jpg?stp=c0.43.261.261a_dst-jpg_p261x260_tt6&_nc_cat=109&ccb=1-7&_nc_sid=92e707&_nc_ohc=ZbHHOPZmRGcQ7kNvwFB6Mt0&_nc_oc=AdkjEuDzam27DFgtt9yBeAumR800rWF9yXVHS_1QTJXWOwkcy66yEbqFmXsRgOVgdHk&_nc_zt=14&_nc_ht=scontent-hou1-1.xx&_nc_gid=ZUcBXqnoi5MAs_RB9ldMeQ&oh=00_AftR5SuKaRFaLLLlVnb7IkjLl4Ra-V1JtLWTy3e8IIioJA&oe=69930CF5,Active
849567091190563,À VENDRE 1 LOT DE TERRAIN AU BORD DU GOUDRON DE LOMÉ KPALIMÉ À ZANGUÉRA,Terrain,Vente,Lomé,Kpalime,350.0,40000000.0,114285.71,,,Facebook Marketplace,,2026-02-12,https://www.facebook.com/marketplace/item/849567091190563,https://scontent-hou1-1.xx.fbcdn.net/v/t39.84726-6/601960636_2082161499238203_514246624345702179_n.jpg?stp=c43.0.260.260a_dst-jpg_p261x260_tt6&_nc_cat=104&ccb=1-7&_nc_sid=92e707&_nc_ohc=TepVT6dYa7wQ7kNvwEp_QyE&_nc_oc=Adm9-MQOUBOdCm-HEEJ3YfUbR-oJcwJo74RgEx5Or2tnCMMtGcIfH6JGHDFxKPHBNkY&_nc_zt=14&_nc_ht=scontent-hou1-1.xx&_nc_gid=ZUcBXqnoi5MAs_RB9ldMeQ&oh=00_AfsI7-3flHQpOipZJBoiKKwQLVDjtOe-QPtPB0r4AtxAEQ&oe=69930C57,Active
1880622775882325,Terrain ¼ de lot à vendre à Lomé quartier djidjolé 00228 91 68 75 87,Terrain,Vente,Lomé,Djidjole,87.5,1600000.0,18285.71,,,Facebook Marketplace,,2026-02-12,https://www.facebook.com/marketplace/item/1880622775882325,https://scontent-hou1-1.xx.fbcdn.net/v/t39.30808-6/617879864_904301172389230_599023038311911453_n.jpg?stp=c0.4.588.588a_dst-jpg_s261x260_tt6&_nc_cat=100&ccb=1-7&_nc_sid=454cf4&_nc_ohc=pm9Mz_hOWU4Q7kNvwHdS_h-&_nc_oc=Adkbsbv9FpEwt7FyyghmVHNm3weTp5rva75fE8aH_hQTjjfQdD-faH1HX-Uxammm2tk&_nc_zt=23&_nc_ht=scontent-hou1-1.xx&_nc_gid=ZUcBXqnoi5MAs_RB9ldMeQ&oh=00_AfsIrOs896rgwX-uAIN9Dxp78wM8Itm9o1uQfstEcgDQUw&oe=6992F3A0,Active
1965569184035579,À VENDRE 1/2 LOT DE TERRAIN À AGOÈ LÉGBASSITO,Terrain,Vente,Lomé,Agoe,175.0,16000000.0,91428.57,,,Facebook Marketplace,,2026-02-12,https://www.facebook.com/marketplace/item/1965569184035579,https://scontent-hou1-1.xx.fbcdn.net/v/t39.84726-6/618802207_1201596751656048_121301884288006139_n.jpg?stp=c0.43.261.261a_dst-jpg_p261x260_tt6&_nc_cat=111&ccb=1-7&_nc_sid=92e707&_nc_ohc=d23s98zzf2kQ7kNvwHtyzGj&_nc_oc=AdkUS3KhOqlMXLkr2vbvxASbo2_LAMSKYcl3hWx9m5yreE0P5mO-Ml-5XSK1zSD6W9U&_nc_zt=14&_nc_ht=scontent-hou1-1.xx&_nc_gid=ZUcBXqnoi5MAs_RB9ldMeQ&oh=00_Afv73HibMMYakn9UK9lYZvR3ViSlFh_tGIhHTy_NVwMvyA&oe=6992DC47,Active
779304637972405,"😁😁LOCATION EN *CENTRE VILLE DE LOMÉ* 
lckim🆘
 *PRODUIT DIRECT¹AA* 


*VILLA TRIPLEX DE 10 CHAMBRE",Villa,Location,Lomé,Non spécifié,100.0,600000.0,6000.0,,,Facebook Marketplace,,2026-02-12,https://www.facebook.com/marketplace/item/779304637972405,https://scontent-atl3-1.xx.fbcdn.net/v/t39.84726-6/633714455_1314792040456317_4664961933127078237_n.jpg?stp=c0.42.261.261a_dst-jpg_p261x260_tt6&_nc_cat=103&ccb=1-7&_nc_sid=92e707&_nc_ohc=YZVRO_gQgnIQ7kNvwHnZt-1&_nc_oc=AdmDJUf1zoeN8BsoXGRXZhckshY7gGp260cMjMqlAXi9JKY6QjuYQF1KVoG54f38fFY&_nc_zt=14&_nc_ht=scontent-atl3-1.xx&_nc_gid=8O7FgOpfC3z9-kY44rg17A&oh=00_Afu0KOHARNkEFgmp9zJ2g-v10uZ1k4rZy6dJW4k_6MmFIA&oe=6992E38F,Active
1568392077476351,Studio meublé à louer à Lomé,Appartement,Location,Lomé,Non spécifié,35.0,15000.0,428.57,,,Facebook Marketplace,,2026-02-12,https://www.facebook.com/marketplace/item/1568392077476351,https://scontent-atl3-1.xx.fbcdn.net/v/t39.30808-6/572495156_1309403594257285_8704514706341379934_n.jpg?stp=c160.0.960.960a_dst-jpg_s261x260_tt6&_nc_cat=106&ccb=1-7&_nc_sid=454cf4&_nc_ohc=-1yhWi0EtBwQ7kNvwFoW4Xi&_nc_oc=Adm9Xd0lkmYKnxDM402B4rwL2qB3PxOCma0N_1qDpCeCHr5lmarb41CWvkPRC6vAMiU&_nc_zt=23&_nc_ht=scontent-atl3-1.xx&_nc_gid=8O7FgOpfC3z9-kY44rg17A&oh=00_AfvUqZaNgRz4YGB2QCY0A_T-HD8STVgROv2T9UsHbsmPDA&oe=69930AF4,Active
907803694953690,☎️🇹🇬 TÉL [hidden information] chambre salon meublé à Lomé totsi,Terrain,Vente,Lomé,Non spécifié,20.0,15000.0,750.0,,,Facebook Marketplace,,2026-02-12,https://www.facebook.com/marketplace/item/907803694953690,https://scontent-atl3-1.xx.fbcdn.net/v/t39.30808-6/625253379_122208978008324094_6298900815951218446_n.jpg?stp=c0.86.780.780a_dst-jpg_s261x260_tt6&_nc_cat=102&ccb=1-7&_nc_sid=454cf4&_nc_ohc=UerBQ8W44wEQ7kNvwHsnxeu&_nc_oc=Adnf8yDduUpU28POXXJWiUabM9Kv0pNQ5nwLhoDvgI2XWakENrs-GYTQHG9GlK6TJwk&_nc_zt=23&_nc_ht=scontent-atl3-1.xx&_nc_gid=8O7FgOpfC3z9-kY44rg17A&oh=00_AfsM3TY_cGU-p7HOZYDAGOxdnUG5fgr8XOjTUOKTXQi7JQ&oe=6993024A,Active
1456794462509688,☎️🇹🇬 TÉL [hidden information] studio meublé à Lomé totsi,Appartement,Vente,Lomé,Non spécifié,35.0,13000.0,371.43,,,Facebook Marketplace,,2026-02-12,https://www.facebook.com/marketplace/item/1456794462509688,https://scontent-atl3-3.xx.fbcdn.net/v/t39.30808-6/627052952_122209391078324094_6518451266468787735_n.jpg?stp=c0.86.780.780a_dst-jpg_s261x260_tt6&_nc_cat=108&ccb=1-7&_nc_sid=454cf4&_nc_ohc=p-60EL2bU6oQ7kNvwFx4U_7&_nc_oc=AdnXTqpQ4ppZ4cNnCNpsLwnl4YzuCgHgqzcpZzmvAj-HTTb3gtpN1D1Chhs7Lz2K_AY&_nc_zt=23&_nc_ht=scontent-atl3-3.xx&_nc_gid=8O7FgOpfC3z9-kY44rg17A&oh=00_AfuyuMm6M3n8oU1qKvfMhB_3xWUg6Sk5AL_qY8njAylBOQ&oe=6992D674,Active
1202719968604560,Appartement / condominium de 1 chambre et 1 salle de bain 1 bed · 1 bath,Appartement,Vente,Lomé,Be,60.0,20000.0,333.33,,,Facebook Marketplace,,2026-02-12,https://www.facebook.com/marketplace/item/1202719968604560,https://scontent-atl3-1.xx.fbcdn.net/v/t39.84726-6/622376763_1919618022016453_3959150194063011889_n.jpg?stp=c0.43.261.261a_dst-jpg_p261x260_tt6&_nc_cat=100&ccb=1-7&_nc_sid=92e707&_nc_ohc=2ERJF-X5Re4Q7kNvwEKKGZH&_nc_oc=AdkOqVXGqegnddGjTVVX77QfQtDWMPFYYPYIpIxSD4mrHjbwkuATynvOiRosPCX4ijM&_nc_zt=14&_nc_ht=scontent-atl3-1.xx&_nc_gid=8O7FgOpfC3z9-kY44rg17A&oh=00_Afsjn4a2NmlaHAWpEqXmnfbsOCexRHM-vb03PhF4Pvh0Qw&oe=6992F88E,Active
1785600325482570,☎️🇹🇬 TÉL[hidden information] Appartement meublé Lomé totsi,Appartement,Vente,Lomé,Non spécifié,60.0,15000.0,250.0,,,Facebook Marketplace,,2026-02-12,https://www.facebook.com/marketplace/item/1785600325482570,https://scontent-atl3-3.xx.fbcdn.net/v/t39.30808-6/615169934_122206849838324094_507350092414700131_n.jpg?stp=c0.86.780.780a_dst-jpg_s261x260_tt6&_nc_cat=107&ccb=1-7&_nc_sid=454cf4&_nc_ohc=2h8OqIullaYQ7kNvwEmGNDT&_nc_oc=AdkF4LB1Bl4gEMeUpSoKcxWoSOlYJ6dWvU2NbQzCd64Lc5yOP1S54zJcJL2B8c6JLWU&_nc_zt=23&_nc_ht=scontent-atl3-3.xx&_nc_gid=8O7FgOpfC3z9-kY44rg17A&oh=00_AftpaVsCqi4fyQtSxk5KI_r19m4hWPDOD_mU4dUkE1WLpg&oe=6992F2FC,Active
1617324289248215,Pièce meublée en ville de Lomé.,Terrain,Vente,Lomé,Non spécifié,20.0,10000.0,500.0,,,Facebook Marketplace,,2026-02-12,https://www.facebook.com/marketplace/item/1617324289248215,https://scontent-atl3-1.xx.fbcdn.net/v/t39.30808-6/600294671_122190417812552952_8654057651489375509_n.jpg?stp=c162.0.972.972a_dst-jpg_s261x260_tt6&_nc_cat=104&ccb=1-7&_nc_sid=454cf4&_nc_ohc=tYaKjH5Hlr8Q7kNvwFaAeAN&_nc_oc=AdlAxn9i9IzFjdN5rl_P0IXs_wEbcO1ZHFEFOjPln1k6t6TXtUpcLLHSw-YuaHtO8LI&_nc_zt=23&_nc_ht=scontent-atl3-1.xx&_nc_gid=8O7FgOpfC3z9-kY44rg17A&oh=00_AfvryMoZMFmzynOWYXarhsRMd2t93aINXjVNPBumo8hJmQ&oe=6992F3C8,Active
1550194806131604,☎️🇹🇬 TÉL [hidden information] Appartement meublé Lomé tokoin pharmacie gbonssime,Appartement,Vente,Lomé,Tokoin,60.0,15000.0,250.0,,,Facebook Marketplace,,2026-02-12,https://www.facebook.com/marketplace/item/1550194806131604,https://scontent-atl3-1.xx.fbcdn.net/v/t39.30808-6/619260339_122208054938324094_6423589718139354595_n.jpg?stp=c0.86.780.780a_dst-jpg_s261x260_tt6&_nc_cat=106&ccb=1-7&_nc_sid=454cf4&_nc_ohc=CGRbMJsavxYQ7kNvwFBaTAZ&_nc_oc=AdnngyBodbVfb6H2UG4MMFNQTXkM08AivJ1NUVBptOyRxXtUOJ8freRO6LqjoZ5BHbM&_nc_zt=23&_nc_ht=scontent-atl3-1.xx&_nc_gid=8O7FgOpfC3z9-kY44rg17A&oh=00_Afs7xfz1SUnMZiqDAlzbtllnTgKlHNam383_BN8GK10MjA&oe=6992DCEC,Active
779687095092123,Location hyundai Tucson 2007,Terrain,Location,Lomé,Non spécifié,20.0,25000.0,1250.0,,,Facebook Marketplace,,2026-02-12,https://www.facebook.com/marketplace/item/779687095092123,https://scontent-atl3-1.xx.fbcdn.net/v/t39.84726-6/597942966_1598373648017127_1693204836688833281_n.jpg?stp=c0.101.261.261a_dst-jpg_p261x260_tt6&_nc_cat=106&ccb=1-7&_nc_sid=92e707&_nc_ohc=8Om_ET52nNIQ7kNvwF4YD1a&_nc_oc=AdlEZJxuAWXii2Z1xIn6_UNB8go-6UUgQ9pzdM7XPUVGcX6av7kYbOrnOgBgqJy_dzc&_nc_zt=14&_nc_ht=scontent-atl3-1.xx&_nc_gid=8O7FgOpfC3z9-kY44rg17A&oh=00_AfuoeUc1_ZqWRXhYqZ1KU0pJzW5ZlJL2EqG9qkm-D6A_vA&oe=6992DAE3,Active
1419550663055407,Location Toyota Avensis,Terrain,Location,Lomé,Non spécifié,20.0,15000.0,750.0,,,Facebook Marketplace,,2026-02-12,https://www.facebook.com/marketplace/item/1419550663055407,https://scontent-atl3-1.xx.fbcdn.net/v/t39.84726-6/605390085_906813815214007_5892690542836702600_n.jpg?stp=c100.0.260.260a_dst-jpg_p261x260_tt6&_nc_cat=103&ccb=1-7&_nc_sid=92e707&_nc_ohc=2nJBe2c9DREQ7kNvwE39nvW&_nc_oc=AdkEuQLrnRqJYL3WORvtuBjyO61YuoGuULhnlUQXNpdQVCQm8tGBG4g0Afv-iHoo6Fs&_nc_zt=14&_nc_ht=scontent-atl3-1.xx&_nc_gid=8O7FgOpfC3z9-kY44rg17A&oh=00_AfslDpiQTsPhqIl4mKDtjruO_4YBYezUb8_dKOJI-4GISg&oe=6992DCED,Active
719162497731860,☎️🇹🇬 TÉL[hidden information] Appartement meublé à Lomé avedji,Appartement,Vente,Lomé,Avedji,60.0,20000.0,333.33,,,Facebook Marketplace,,2026-02-12,https://www.facebook.com/marketplace/item/719162497731860,https://scontent-atl3-1.xx.fbcdn.net/v/t39.30808-6/619166327_122207841248324094_5219436520865431022_n.jpg?stp=c0.83.768.768a_dst-jpg_s261x260_tt6&_nc_cat=101&ccb=1-7&_nc_sid=454cf4&_nc_ohc=XpWpHURhY68Q7kNvwGj47ID&_nc_oc=AdkmJkQOBxI5E-PXIjcg4d7ldgdAzFVYzWtxWf_COr8CcuIi08Z2fEQmGlxL-ioFXDM&_nc_zt=23&_nc_ht=scontent-atl3-1.xx&_nc_gid=8O7FgOpfC3z9-kY44rg17A&oh=00_Afus7kcd4T342_DUu1jV9m8DGH6QeNFlj_l3sO70F6ppQw&oe=6992E59C,Active
3079367122236094,Location des appartements à Lomé baguida.,Appartement,Location,Lomé,Baguida,60.0,350000.0,5833.33,,,Facebook Marketplace,,2026-02-12,https://www.facebook.com/marketplace/item/3079367122236094,https://scontent-atl3-1.xx.fbcdn.net/v/t39.30808-6/605197383_122177732030761044_7191514019202305795_n.jpg?stp=c0.298.736.736a_dst-jpg_s261x260_tt6&_nc_cat=103&ccb=1-7&_nc_sid=454cf4&_nc_ohc=v-nPx-HoJyYQ7kNvwE3pIrQ&_nc_oc=AdkV5MxVq3U76tW6a3kV23zHap-go5EG-SaDU-mNDIOfhq89voVrg2JejFnwKWncg4U&_nc_zt=23&_nc_ht=scontent-atl3-1.xx&_nc_gid=8O7FgOpfC3z9-kY44rg17A&oh=00_AfuyeMmRpKqt4fE4Wv5UYxFxIPzwgn_Xd29fOrbPxqvI8w&oe=69930C14,Active
1368558184885519,Location BMW,Terrain,Location,Lomé,Non spécifié,20.0,40000.0,2000.0,,,Facebook Marketplace,,2026-02-12,https://www.facebook.com/marketplace/item/1368558184885519,https://scontent-atl3-1.xx.fbcdn.net/v/t39.84726-6/571277469_2188312125030289_7666497380931906666_n.jpg?stp=c43.0.260.260a_dst-jpg_p261x260_tt6&_nc_cat=104&ccb=1-7&_nc_sid=92e707&_nc_ohc=kOblA11wjAsQ7kNvwGQazOp&_nc_oc=AdneUpJVPShqTf2UGKIikriQ5cCR7-V-LCXcEhPL5ds6Wh4QUqhRvSmRLVI4-4wq0yE&_nc_zt=14&_nc_ht=scontent-atl3-1.xx&_nc_gid=8O7FgOpfC3z9-kY44rg17A&oh=00_AfuvX_-5GAj-57L-iPxkwN9FsBKFOCvzMcIAwfRgbrYNGg&oe=6992FFF8,Active
2326354951141874,Location,Terrain,Location,Lomé,Non spécifié,20.0,35000.0,1750.0,,,Facebook Marketplace,,2026-02-12,https://www.facebook.com/marketplace/item/2326354951141874,https://scontent-atl3-1.xx.fbcdn.net/v/t39.84726-6/611061623_855467144047058_7043920187310348938_n.jpg?stp=c45.0.260.260a_dst-jpg_p261x260_tt6&_nc_cat=101&ccb=1-7&_nc_sid=92e707&_nc_ohc=1E54E4C969QQ7kNvwEqPDKH&_nc_oc=AdnNhPwANlpXj6SqAjXGVvb-0h6nyenQlFeEbTIE9y5WuRSzD0bMZR6Ig3PcMil73cg&_nc_zt=14&_nc_ht=scontent-atl3-1.xx&_nc_gid=8O7FgOpfC3z9-kY44rg17A&oh=00_AfuBFFEvulIlcQmMdrBxuCtI8Mj5Ig_xPzyLkr3ABF6CDA&oe=69930A12,Active
1193997679347830,"Location cour unique 

Zossimé non loin du marché 

nous mettons en location une chambre salon plafo",Terrain,Location,Lomé,Non spécifié,20.0,30000.0,1500.0,,,Facebook Marketplace,,2026-02-12,https://www.facebook.com/marketplace/item/1193997679347830,https://scontent-atl3-3.xx.fbcdn.net/v/t39.30808-6/612992740_1206765364974510_3743370221307895380_n.jpg?stp=c0.95.864.864a_dst-jpg_s261x260_tt6&_nc_cat=109&ccb=1-7&_nc_sid=454cf4&_nc_ohc=oA2Xz3V34dsQ7kNvwExSjT9&_nc_oc=Adk424AaiVtd2lPl84N-IG5K8zk2BaoCcOkCGeS3rwLDxu6Y5bIyicwIG_o6TecU4vw&_nc_zt=23&_nc_ht=scontent-atl3-3.xx&_nc_gid=8O7FgOpfC3z9-kY44rg17A&oh=00_AfsMVsu9__aoiQH75nv0hSpX6S0U6UXeBKbQDEjCm6W2Ew&oe=6992FE25,Active
2380328149084997,LOCATION,Terrain,Location,Lomé,Non spécifié,20.0,70000.0,3500.0,,,Facebook Marketplace,,2026-02-12,https://www.facebook.com/marketplace/item/2380328149084997,https://scontent-atl3-1.xx.fbcdn.net/v/t39.30808-6/626047681_922059520222290_4359560669414461073_n.jpg?stp=c160.0.960.960a_dst-jpg_s261x260_tt6&_nc_cat=106&ccb=1-7&_nc_sid=454cf4&_nc_ohc=NrKr_nXNz7gQ7kNvwE4JcMg&_nc_oc=AdmEN6xytcd87A-IhlkfX_EuTUq1dOuhBYVjnum7zUpchkcklWD0YE_p4ifx2xoyMEo&_nc_zt=23&_nc_ht=scontent-atl3-1.xx&_nc_gid=8O7FgOpfC3z9-kY44rg17A&oh=00_Afth_6nC-fNdL9yFvHu1wHjxuUpQLtm4MfTT0MkfGtNkmQ&oe=6992D903,Active
2045855139672518,Location,Terrain,Location,Lomé,Non spécifié,20.0,70000.0,3500.0,,,Facebook Marketplace,,2026-02-12,https://www.facebook.com/marketplace/item/2045855139672518,https://scontent-atl3-3.xx.fbcdn.net/v/t39.30808-6/588256809_849449740823763_2498320554591327978_n.jpg?stp=c0.89.809.809a_dst-jpg_s261x260_tt6&_nc_cat=109&ccb=1-7&_nc_sid=454cf4&_nc_ohc=jlhSL7kmhmYQ7kNvwEhhYgM&_nc_oc=AdmK8BkDrfehZFbliZxxHXV25WxbXk_pZatCYoQcNyL81S1Poyw0lXZXuFsmTl644kU&_nc_zt=23&_nc_ht=scontent-atl3-3.xx&_nc_gid=8O7FgOpfC3z9-kY44rg17A&oh=00_AfuR7sLxKFmHwPWxFm8NIVn6UUITS1GIFPV1a_6-0mtKfw&oe=6992EDB3,Active
1368385715041140,Cours unique chambre salon,Terrain,Vente,Lomé,Non spécifié,20.0,40000.0,2000.0,,,Facebook Marketplace,,2026-02-12,https://www.facebook.com/marketplace/item/1368385715041140,https://scontent-atl3-1.xx.fbcdn.net/v/t39.30808-6/621856190_1268384245158871_7750535836664459494_n.jpg?stp=c136.0.809.809a_dst-jpg_s261x260_tt6&_nc_cat=100&ccb=1-7&_nc_sid=454cf4&_nc_ohc=ZIu6Q7lKq5MQ7kNvwEVLWYg&_nc_oc=AdnmHfld16yilUwQC9T7svWt_38LFVIBtgt8rnYVMM81myAIrjhh4dYYV3Fr40KucFE&_nc_zt=23&_nc_ht=scontent-atl3-1.xx&_nc_gid=8O7FgOpfC3z9-kY44rg17A&oh=00_Afuz5FbKaCg0KN57P2Jn3KKcaT8kaEiNvpBywNqKaH9u1g&oe=6992F37F,Active
2898179527047358,Appartement scindé en cour unique,Appartement,Vente,Lomé,Non spécifié,60.0,65000.0,1083.33,,,Facebook Marketplace,,2026-02-12,https://www.facebook.com/marketplace/item/2898179527047358,https://scontent-atl3-3.xx.fbcdn.net/v/t39.84726-6/628089039_1828994861004123_7611432653743741378_n.jpg?stp=c0.43.261.261a_dst-jpg_p261x260_tt6&_nc_cat=109&ccb=1-7&_nc_sid=92e707&_nc_ohc=Pva6NjUq4EQQ7kNvwGUeAdG&_nc_oc=AdkkXLxLbDaY_rUx2CJdun5ByIlmH4SgYADeY3Y2JdWKq18WqPNuC1llvXF0wj_n0eE&_nc_zt=14&_nc_ht=scontent-atl3-3.xx&_nc_gid=8O7FgOpfC3z9-kY44rg17A&oh=00_AfugXsSdvHE8pudq7pQeJfa3neSwwzXzdJ-nW6Y5wBI76A&oe=6992E36F,Active
826731770416492,Terrain de 1 lot avec tampon OTR à Noépé à 400m du goudron,Terrain,Vente,Lomé,Noepe,350.0,4500000.0,12857.14,,,Facebook Marketplace,,2026-02-12,https://www.facebook.com/marketplace/item/826731770416492,https://scontent-atl3-3.xx.fbcdn.net/v/t39.30808-6/619634601_3421555211385792_5020809136997157374_n.jpg?stp=c0.95.368.368a_dst-jpg_s261x260_tt6&_nc_cat=109&ccb=1-7&_nc_sid=454cf4&_nc_ohc=GnLZ75XqbmcQ7kNvwGAFWwE&_nc_oc=AdmGaF7Dk22WF4Ka4W4e436ZH1nZIa29KkRMPGYwJXCOwRE8CuOsz_EJ70c66YDXXzo&_nc_zt=23&_nc_ht=scontent-atl3-3.xx&_nc_gid=fR9gZOsegws4Y-Ueuh_KNw&oh=00_Afvjxv8eyIi1rO4VZXfC8dpSsNhFYGUFAUtGAZ4TscfGpg&oe=699300B3,Active
2965516333643910,Terrain demi lot en vente a Lomé noépé,Terrain,Vente,Lomé,Noepe,350.0,3500000.0,10000.0,,,Facebook Marketplace,,2026-02-12,https://www.facebook.com/marketplace/item/2965516333643910,https://scontent-atl3-1.xx.fbcdn.net/v/t39.84726-6/619112479_1772538903429813_1961505583493661356_n.jpg?stp=c0.0.250.250a_dst-jpg_tt6&_nc_cat=101&ccb=1-7&_nc_sid=92e707&_nc_ohc=7HMkAMrpmk4Q7kNvwH7hr8J&_nc_oc=AdksMSTlkfVXZ_QtgrkrVwjqz4KBT-TTlv_M5DO2jxcVaKH53adXP0hJT8Ibo5aHZwo&_nc_zt=14&_nc_ht=scontent-atl3-1.xx&_nc_gid=fR9gZOsegws4Y-Ueuh_KNw&oh=00_AftoP0F9yt8hfOVqVSP09srPBqOng7gCtZQYqneOSP3ZGw&oe=6992FC6B,Active
1203434538667250,TERRAIN A VENDRE AKATO,Terrain,Vente,Lomé,Non spécifié,43.75,150000.0,3428.57,,,Facebook Marketplace,,2026-02-12,https://www.facebook.com/marketplace/item/1203434538667250,https://scontent-atl3-1.xx.fbcdn.net/v/t39.30808-6/619308022_122194835906791442_1061469459121555472_n.jpg?stp=c130.0.780.780a_dst-jpg_s261x260_tt6&_nc_cat=101&ccb=1-7&_nc_sid=454cf4&_nc_ohc=0QeewMJM0zMQ7kNvwEKYpGQ&_nc_oc=AdnKZJm8EXUJ96GuoH_-AXQv93elG0P9E7y2UNwlijnJ69gCRdx8ZuPp6ij_P1vd2nw&_nc_zt=23&_nc_ht=scontent-atl3-1.xx&_nc_gid=fR9gZOsegws4Y-Ueuh_KNw&oh=00_AfusttQ-TaLOci0MJOCSSZelDEWw6cJu_5_eW3YRvEocpg&oe=699304C8,Active
906105028579866,Terrain ½ lot à vendre à Lomé quartier agoé légbassito 00228 91 68 75 87,Terrain,Vente,Lomé,Agoe,700.0,12000000.0,17142.86,,,Facebook Marketplace,,2026-02-12,https://www.facebook.com/marketplace/item/906105028579866,https://scontent-atl3-1.xx.fbcdn.net/v/t39.84726-6/627859713_2006951883198888_6395417224149465034_n.jpg?stp=c0.43.261.261a_dst-jpg_p261x260_tt6&_nc_cat=106&ccb=1-7&_nc_sid=92e707&_nc_ohc=iEb544r00KAQ7kNvwGI8lLG&_nc_oc=AdnaeLb7Jg7B3xzP9NL6MRCcfdyDY1hG-eaG2nvsNRN_WsGjsSKqoNcM1ESIuvHyM5k&_nc_zt=14&_nc_ht=scontent-atl3-1.xx&_nc_gid=fR9gZOsegws4Y-Ueuh_KNw&oh=00_AftlSCbzN-cqsXD8wmcvnKfPsNu0JYawYXrhop7JONFtng&oe=6992E93C,Active
1120031826966211,Terrain de 05 lots collé près de la Nationale N5 Lomé-Kpalimé,Terrain,Vente,Lomé,Kpalime,1750.0,2000000.0,1142.86,,,Facebook Marketplace,,2026-02-12,https://www.facebook.com/marketplace/item/1120031826966211,https://scontent-atl3-1.xx.fbcdn.net/v/t39.30808-6/585004997_867770312365481_4315392490414524150_n.jpg?stp=c0.87.816.816a_dst-jpg_s261x260_tt6&_nc_cat=106&ccb=1-7&_nc_sid=454cf4&_nc_ohc=tIKY43qeQ-gQ7kNvwGvDv61&_nc_oc=AdlI849VY8MRkNofyPQSAax0TUwv0SKn_io0if24I28DQaWvO53L4izErZsjQ3j7Jvs&_nc_zt=23&_nc_ht=scontent-atl3-1.xx&_nc_gid=fR9gZOsegws4Y-Ueuh_KNw&oh=00_AfviRGEB0QbEGCvdqXRcB0ajl7UNjpmJPM4HbEcI9Tey5g&oe=6992F0F7,Active
1233043031660788,Terrain à vendre,Terrain,Vente,Lomé,Non spécifié,350.0,5500000.0,15714.29,,,Facebook Marketplace,,2026-02-12,https://www.facebook.com/marketplace/item/1233043031660788,https://scontent-atl3-1.xx.fbcdn.net/v/t39.30808-6/626883431_1411323137395653_7591892148361030675_n.jpg?stp=c0.139.540.540a_dst-jpg_s261x260_tt6&_nc_cat=102&ccb=1-7&_nc_sid=454cf4&_nc_ohc=fqoYrO5q3-wQ7kNvwGcvHX3&_nc_oc=AdmQk06SesxWdSI2RSerV5XzlMkDnAzjTAceTlM67I30Jc2DrAJQmU94OgncjRCNyfw&_nc_zt=23&_nc_ht=scontent-atl3-1.xx&_nc_gid=fR9gZOsegws4Y-Ueuh_KNw&oh=00_AfumMTv1n-v7El_mW2YSVnU1iMtr0hAsbrv0AgKL2BV7RQ&oe=6992D6FE,Active
1315215623679235,Lomé Togo terrain à vendre,Terrain,Vente,Lomé,Non spécifié,700.0,90000000.0,128571.43,,,Facebook Marketplace,,2026-02-12,https://www.facebook.com/marketplace/item/1315215623679235,https://scontent-atl3-3.xx.fbcdn.net/v/t39.84726-6/577365832_770990359314273_7304230666088270870_n.jpg?stp=c0.43.261.261a_dst-jpg_p261x260_tt6&_nc_cat=107&ccb=1-7&_nc_sid=92e707&_nc_ohc=WnJZiwNBh_4Q7kNvwF55lNV&_nc_oc=AdmInjlURaS6m1aEcUBliYaDd-vknhGJFkneE9J_IIeMGH14uTXQEHfyVDe8ya1wuuM&_nc_zt=14&_nc_ht=scontent-atl3-3.xx&_nc_gid=fR9gZOsegws4Y-Ueuh_KNw&oh=00_Aftsxk6g2qXhQy1Gq9nHsFuFAfYk4qFtxgJ-2LapPoCH0Q&oe=6992D85C,Active
607633739074613,VENTE DE TERRAIN À AVETONOU 8KLM DU GOUDRON LOMÉ KPALIMÉ 🇹🇬,Terrain,Vente,Kpalimé,Kpalime,43.75,500000.0,11428.57,,,Facebook Marketplace,,2026-02-12,https://www.facebook.com/marketplace/item/607633739074613,https://scontent-atl3-1.xx.fbcdn.net/v/t39.30808-6/601011255_122173457930783497_3471007771678094314_n.jpg?stp=c0.110.762.762a_dst-jpg_s261x260_tt6&_nc_cat=102&ccb=1-7&_nc_sid=454cf4&_nc_ohc=4D0gDlmBPcMQ7kNvwFDxj_q&_nc_oc=Adlg9vUGjQkTpF2SEGnXAfCMzn-5ZyMFpcTNBbTF9vwRGoc74v52WJGPAb6eoSNFPrQ&_nc_zt=23&_nc_ht=scontent-atl3-1.xx&_nc_gid=fR9gZOsegws4Y-Ueuh_KNw&oh=00_AfuikwtwOP0d1jyVHXE3dVVfBuSN0hOStPKm41ynJToacA&oe=6992F86C,Active
1989857001587834,Terrain en vente a Lomé adidogomé wonyomé,Terrain,Vente,Lomé,Wonyome,350.0,9000000.0,25714.29,,,Facebook Marketplace,,2026-02-12,https://www.facebook.com/marketplace/item/1989857001587834,https://scontent-atl3-1.xx.fbcdn.net/v/t39.84726-6/619258113_892354433196169_8977909201314345825_n.jpg?stp=c59.0.250.250a_dst-jpg_tt6&_nc_cat=104&ccb=1-7&_nc_sid=92e707&_nc_ohc=3haC9YxXtzwQ7kNvwHLd2bp&_nc_oc=AdnAbQu89gAz8HdmngQsAkK8Md2YjTmK190mA8tjo-FJH_01j0MaG0AlzUuSxUG3rwk&_nc_zt=14&_nc_ht=scontent-atl3-1.xx&_nc_gid=fR9gZOsegws4Y-Ueuh_KNw&oh=00_AfsuERY3dNLXjCI6Cn5j8TbhRFVBWpDSjireX00AXs-trQ&oe=6992E599,Active
1358915792675149,À VENDRE TERRAIN SUR  1/2 LOT À BAGUIDA - ADAMAVO À 1.8KM DU GOUDRON LOME-ANEHO,Terrain,Vente,Lomé,Aneho,175.0,18000000.0,102857.14,,,Facebook Marketplace,,2026-02-12,https://www.facebook.com/marketplace/item/1358915792675149,https://scontent-atl3-1.xx.fbcdn.net/v/t39.84726-6/619031787_906641381897822_2146965717542359914_n.jpg?stp=c43.0.260.260a_dst-jpg_p261x260_tt6&_nc_cat=104&ccb=1-7&_nc_sid=92e707&_nc_ohc=-ql2AN8q6NwQ7kNvwEkHgLZ&_nc_oc=AdlxFKStSEJ0vCHnAnNZydtcrpVP4RaWB_Nd7MQpO2WrNVHTAujwQdtjXHk4AKz_D58&_nc_zt=14&_nc_ht=scontent-atl3-1.xx&_nc_gid=fR9gZOsegws4Y-Ueuh_KNw&oh=00_AfvkMlb1Xq3B8TZ12Aiz5UmqgTbGqnXawouu5-zLiqRVZA&oe=6992EF33,Active
1618467042896623,Terrain a vendre 1lot et 1/4 Lomé-Nukafu 120 millions,Terrain,Vente,Lomé,Nukafu,437.5,120000000.0,274285.71,,,Facebook Marketplace,,2026-02-12,https://www.facebook.com/marketplace/item/1618467042896623,https://scontent-atl3-1.xx.fbcdn.net/v/t39.30808-6/588232390_1168263832153719_4968130118679295213_n.jpg?stp=c0.224.540.540a_dst-jpg_s261x260_tt6&_nc_cat=101&ccb=1-7&_nc_sid=454cf4&_nc_ohc=-_pvL6tn7eEQ7kNvwEtvuKb&_nc_oc=Adl9_YlOnY4KEvUxbIJG5kpaOzGUtudCYq2seoCGfIrigTlptw3aBWkcsAdNI5EzWPM&_nc_zt=23&_nc_ht=scontent-atl3-1.xx&_nc_gid=fR9gZOsegws4Y-Ueuh_KNw&oh=00_AftN_0BWc4rYJI5J-CVWrQQIxpvP7l9CWgvIr97M2s6OBw&oe=69930B25,Active
818651144048913,Terrain un lot en vente a lome aképé port sec,Terrain,Vente,Lomé,Non spécifié,350.0,9000000.0,25714.29,,,Facebook Marketplace,,2026-02-12,https://www.facebook.com/marketplace/item/818651144048913,https://scontent-atl3-1.xx.fbcdn.net/v/t39.84726-6/569829744_1477150700005472_145217522216296617_n.jpg?stp=c0.43.261.261a_dst-jpg_p261x260_tt6&_nc_cat=104&ccb=1-7&_nc_sid=92e707&_nc_ohc=Vb6Xh6EQLUEQ7kNvwGEVQ-u&_nc_oc=AdlQwFM1rD2lJJPB2Rm357_pSSQ_QCKXndG4FnRzNPtd4eMszcG3XudZDOomfTtqChk&_nc_zt=14&_nc_ht=scontent-atl3-1.xx&_nc_gid=fR9gZOsegws4Y-Ueuh_KNw&oh=00_Afvw13Dn_g--w9gXrfXJ_RC76ubkADmiKPxQL21LqFbnOw&oe=6992FEEA,Active
1380916290081187,VENTE DE TERRAINS À AVETONOU 8KLM DU GOUDRON LOMÉ KPALIMÉ 🇹🇬,Terrain,Vente,Kpalimé,Kpalime,43.75,500000.0,11428.57,,,Facebook Marketplace,,2026-02-12,https://www.facebook.com/marketplace/item/1380916290081187,https://scontent-atl3-1.xx.fbcdn.net/v/t39.30808-6/606059254_122175094244783497_1682067258438810510_n.jpg?stp=c65.0.830.830a_dst-jpg_s261x260_tt6&_nc_cat=100&ccb=1-7&_nc_sid=454cf4&_nc_ohc=lSKSUqBxHfoQ7kNvwGQgrAt&_nc_oc=AdmwrMd05oPMS6OU8Tlu10Q5xhS2lMRyEWs-Y472F9M-oM0kIFYc8t6Xj6e1sVGfOfg&_nc_zt=23&_nc_ht=scontent-atl3-1.xx&_nc_gid=fR9gZOsegws4Y-Ueuh_KNw&oh=00_AfuvdvH2qYAMsxkVMERZuuAKYIImQcCBtHPYf8kiD-H4Qg&oe=6992DAB2,Active
1607677617078135,Terrain fiable à vendre,Terrain,Vente,Lomé,Non spécifié,350.0,2800000.0,8000.0,,,Facebook Marketplace,,2026-02-12,https://www.facebook.com/marketplace/item/1607677617078135,https://scontent-atl3-3.xx.fbcdn.net/v/t39.84726-6/626150704_788385327610945_2706490519522980560_n.jpg?stp=c0.43.261.261a_dst-jpg_p261x260_tt6&_nc_cat=110&ccb=1-7&_nc_sid=92e707&_nc_ohc=Vo6RAO_aa1MQ7kNvwEan1fh&_nc_oc=Adk0sH8IVWnkAohrNjLxuKR-t1uxqHEiVCmH3-DZ8NkRdcs5sTg6Qos_uz_gMTXbDoc&_nc_zt=14&_nc_ht=scontent-atl3-3.xx&_nc_gid=fR9gZOsegws4Y-Ueuh_KNw&oh=00_AftxIDjnpkSVHtSsk48oRSH0b6hHPT3j-i2a7sueU1IdJg&oe=699307DC,Active
1371129614315994,"*A VENDRE*
02 LOT de terrain au cœur du grand marché de LOMÉ.
Surface : 1000 m2.

Situés en angle de",Terrain,Vente,Lomé,Non spécifié,700.0,1000000000.0,1428571.43,,,Facebook Marketplace,,2026-02-12,https://www.facebook.com/marketplace/item/1371129614315994,https://scontent-atl3-3.xx.fbcdn.net/v/t39.30808-6/618289735_1437332551333870_7731162909587136723_n.jpg?stp=c0.90.1006.1006a_dst-jpg_s261x260_tt6&_nc_cat=110&ccb=1-7&_nc_sid=454cf4&_nc_ohc=mdPYkt3146wQ7kNvwG0ktTO&_nc_oc=Adn8o0kZaWHMJWn4fdZf2llb7jywsveePr-kaTR0U9NtxbXMp2fXtl205kIDP9wrOQs&_nc_zt=23&_nc_ht=scontent-atl3-3.xx&_nc_gid=fR9gZOsegws4Y-Ueuh_KNw&oh=00_Afu29xnXHx3VGPRmxxRcG4H6BM8sDzfLo-TKJf-vvQDCJQ&oe=6992EC51,Active
2670621093330976,Terrain demi Lot,Terrain,Vente,Lomé,Non spécifié,700.0,35000000.0,50000.0,,,Facebook Marketplace,,2026-02-12,https://www.facebook.com/marketplace/item/2670621093330976,https://scontent-atl3-3.xx.fbcdn.net/v/t39.84726-6/626954726_3288657011283930_153656667029207150_n.jpg?stp=c0.43.261.261a_dst-jpg_p261x260_tt6&_nc_cat=105&ccb=1-7&_nc_sid=92e707&_nc_ohc=fnnsc0A-c20Q7kNvwGpQuDU&_nc_oc=AdnfNGdXvO-r6ievAoVUZzuVO-nmvNGjxAKx9EtzfCekdY_hYFV56RJqAYL28pVYAGw&_nc_zt=14&_nc_ht=scontent-atl3-3.xx&_nc_gid=fR9gZOsegws4Y-Ueuh_KNw&oh=00_AfvLFzuwjrq7bIHIb-Dpu9keclPZaVFWeXy9PRGZxluHXQ&oe=6992DD9A,Active
24416327744696829,Terrain 2 lots coller en vente a Lome agoe centre,Terrain,Vente,Lomé,Agoe,700.0,90000000.0,128571.43,,,Facebook Marketplace,,2026-02-12,https://www.facebook.com/marketplace/item/24416327744696829,https://scontent-lax7-1.xx.fbcdn.net/v/t39.84726-6/570370322_1332113508359209_747618890507332025_n.jpg?stp=c0.43.261.261a_dst-jpg_p261x260_tt6&_nc_cat=105&ccb=1-7&_nc_sid=92e707&_nc_ohc=W6otvq8FnR0Q7kNvwFuZ71N&_nc_oc=AdlbdIJ8c0l_azsuj2g2QSajL3WRoWT9DHal5V3_4Jx4rh6Eu3QZ-ZcnkrpHibrzQqA&_nc_zt=14&_nc_ht=scontent-lax7-1.xx&_nc_gid=d5_OG3rPs00tQg1DKYkYBg&oh=00_Afs3QfRL-7ipS1nmQ8qmzRG-N86nqpNaE4nR_Kt6NmFUCQ&oe=699306CC,Active
1572398297054747,Terrain à Lomé 🇹🇬,Terrain,Vente,Lomé,Non spécifié,700.0,120000000.0,171428.57,,,Facebook Marketplace,,2026-02-12,https://www.facebook.com/marketplace/item/1572398297054747,https://scontent-lax7-1.xx.fbcdn.net/v/t39.84726-6/568331386_1755498508486722_3459825741983500_n.jpg?stp=c43.0.260.260a_dst-jpg_p261x260_tt6&_nc_cat=101&ccb=1-7&_nc_sid=92e707&_nc_ohc=ztA5Jnxxu_cQ7kNvwFNq7Hf&_nc_oc=Adm7TiWwFU9b9-4760zvFUq0OXqDXwp8rcdU-urv52smBP44gTe2yf9CbRnFAmKmke4&_nc_zt=14&_nc_ht=scontent-lax7-1.xx&_nc_gid=d5_OG3rPs00tQg1DKYkYBg&oh=00_AfsZ23_Gg4he9nkJo4wgJnB9FOC22MdxJ7dcJLQlXp1omA&oe=69930004,Active
1444999430303564,TERRAINS AGRICOLES EN VENTE À AZAHOUN,Terrain,Vente,Kpalimé,Non spécifié,87.5,1300000.0,14857.14,,,Facebook Marketplace,,2026-02-12,https://www.facebook.com/marketplace/item/1444999430303564,https://scontent-lax3-2.xx.fbcdn.net/v/t39.84726-6/624039803_1408340620275483_4048219179713038024_n.jpg?stp=c61.0.260.260a_dst-jpg_p261x260_tt6&_nc_cat=111&ccb=1-7&_nc_sid=92e707&_nc_ohc=dOyWDt7yvy4Q7kNvwENLK8n&_nc_oc=Adkshn9uIBGB78noWSMs0Dp2wgP8gZRqePWYBav7E0NT__JwD5_WD6jM0wnZoshUF7A&_nc_zt=14&_nc_ht=scontent-lax3-2.xx&_nc_gid=d5_OG3rPs00tQg1DKYkYBg&oh=00_Afu88MEJ2mXyd3j5z8DKJAFqBDnGUydxs1ZUFTXe-vBpCQ&oe=6992F9E5,Active
1043375224552751,Terrain en vente a Lomé aképé,Terrain,Vente,Lomé,Non spécifié,350.0,9000000.0,25714.29,,,Facebook Marketplace,,2026-02-12,https://www.facebook.com/marketplace/item/1043375224552751,https://scontent-lax3-2.xx.fbcdn.net/v/t39.84726-6/583068215_24754110290952407_3478286260913468464_n.jpg?stp=c0.43.261.261a_dst-jpg_p261x260_tt6&_nc_cat=111&ccb=1-7&_nc_sid=92e707&_nc_ohc=gSspmlm4Q-EQ7kNvwG1dl0q&_nc_oc=Adno2rwDfbT4toWNZ6fqKaHIluKGio4MV6cP3-wAVCEsqquIkqT-kaXZNbL1_mdLRX0&_nc_zt=14&_nc_ht=scontent-lax3-2.xx&_nc_gid=d5_OG3rPs00tQg1DKYkYBg&oh=00_AftJGN-6moIhJbJn7LEGFscnS2QKVmlK7oz3nVwt74RwAg&oe=6992FF96,Active
962493309437807,Terrain : 1/2 lot avec Titre Foncier P à klikamé non loin campus Lomé,Terrain,Vente,Lomé,Non spécifié,175.0,19000000.0,108571.43,,,Facebook Marketplace,,2026-02-12,https://www.facebook.com/marketplace/item/962493309437807,https://scontent-lax7-1.xx.fbcdn.net/v/t39.84726-6/625228734_894104076914270_7231566776185395235_n.jpg?stp=c0.59.261.261a_dst-jpg_p261x260_tt6&_nc_cat=105&ccb=1-7&_nc_sid=92e707&_nc_ohc=ljM1sowD-usQ7kNvwHkqXcn&_nc_oc=AdmIY1N0-BBNaEGVInpX2lDjTf6DULs5z5qTPMR5C1vWmwUPujCw4BVJaTHcEAN1ef4&_nc_zt=14&_nc_ht=scontent-lax7-1.xx&_nc_gid=d5_OG3rPs00tQg1DKYkYBg&oh=00_Afsq-C2KWmNY4F6SbDQaxUwItwv96wWrKK3IfVvMjJ4fGg&oe=6992FDC9,Active
2379960822476444,VENTE DE TERRAINS À AMOUZOUKOPÉ 13 KLM DU GOUDRON LOMÉ- KPALIMÉ 🇹🇬,Terrain,Vente,Kpalimé,Kpalime,43.75,600000.0,13714.29,,,Facebook Marketplace,,2026-02-12,https://www.facebook.com/marketplace/item/2379960822476444,https://scontent-lax7-1.xx.fbcdn.net/v/t39.30808-6/607959141_122175481166783497_921732969896079776_n.jpg?stp=c0.78.723.723a_dst-jpg_s261x260_tt6&_nc_cat=105&ccb=1-7&_nc_sid=454cf4&_nc_ohc=B3Q_u-EUc6QQ7kNvwGxAhX8&_nc_oc=AdkpfQbw1Ub0qnhk8wdbzO8U9GXK-GSesDACoLA2vT2NDGFBV8_9SUEjWfkU3M5ELSA&_nc_zt=23&_nc_ht=scontent-lax7-1.xx&_nc_gid=d5_OG3rPs00tQg1DKYkYBg&oh=00_AfvV0uo-HrfrGnXXtD8rA402goe-RRsbwTxCO703e4n3KQ&oe=6992D60F,Active
1882534788970089,Terrain à vendre à Lomé akepe,Terrain,Vente,Lomé,Non spécifié,350.0,9000000.0,25714.29,,,Facebook Marketplace,,2026-02-12,https://www.facebook.com/marketplace/item/1882534788970089,https://scontent-lax3-2.xx.fbcdn.net/v/t39.84726-6/571117928_1197054915752409_4516418736908658392_n.jpg?stp=c0.43.261.261a_dst-jpg_p261x260_tt6&_nc_cat=100&ccb=1-7&_nc_sid=92e707&_nc_ohc=Fuqk6Y13fdgQ7kNvwH9gaem&_nc_oc=AdlIpOoms9GYQadQxVSA10XsIFPrki92b138Ca3MLWcFFyyg8co0WCsoxi-oTB-fyYk&_nc_zt=14&_nc_ht=scontent-lax3-2.xx&_nc_gid=d5_OG3rPs00tQg1DKYkYBg&oh=00_Afv8ZmUawo8LVuyOy5Y_1kLyB-_9StlBLIRPy8o9JgGUhg&oe=6992E585,Active
1055674583147013,Terrain demi lot carré en vente a lome avedji,Terrain,Vente,Lomé,Avedji,700.0,22000000.0,31428.57,,,Facebook Marketplace,,2026-02-12,https://www.facebook.com/marketplace/item/1055674583147013,https://scontent-lax7-1.xx.fbcdn.net/v/t39.84726-6/571084661_3914498218685307_2852121523511725222_n.jpg?stp=c43.0.260.260a_dst-jpg_p261x260_tt6&_nc_cat=101&ccb=1-7&_nc_sid=92e707&_nc_ohc=nJpDVnKXKu8Q7kNvwE6DjS_&_nc_oc=Adn7VUKngevFH2PZowhW5Nu4d4VPK0CpwvdrAF6k-njo1FUp4xwXcDfLW8Wz7hCzytg&_nc_zt=14&_nc_ht=scontent-lax7-1.xx&_nc_gid=d5_OG3rPs00tQg1DKYkYBg&oh=00_Aftet8DoEJKdLO8rqY3tSB6Jyn5HflbVlSUURBovjtfbQA&oe=69930B21,Active
1338730444551890,Terrain à vendre au grand marché de lomé (Assigame),Terrain,Vente,Lomé,Non spécifié,43.75,1000000.0,22857.14,,,Facebook Marketplace,,2026-02-12,https://www.facebook.com/marketplace/item/1338730444551890,https://scontent-lax3-1.xx.fbcdn.net/v/t39.30808-6/586153551_2469856636762254_7219045553475281843_n.jpg?stp=c129.0.822.822a_dst-jpg_s261x260_tt6&_nc_cat=108&ccb=1-7&_nc_sid=454cf4&_nc_ohc=pAuBCraEvSgQ7kNvwHrrePT&_nc_oc=Adm5mbqHVglog5bEqQlFEhAJmtaqy9bBQcbpouNTHKzdDhPzbh8nCtIaDtULmQ-eUbk&_nc_zt=23&_nc_ht=scontent-lax3-1.xx&_nc_gid=d5_OG3rPs00tQg1DKYkYBg&oh=00_AfsUjz0X-RT2Z84KMD4gLliENQiEPgiERHluIgVBRhI01w&oe=6992FA76,Active
972720998314127,VENTE DE TERRAIN A NOTSÈ 13 KL AU GOUDRON 🇹🇬,Terrain,Vente,Notsé,Non spécifié,43.75,400000.0,9142.86,,,Facebook Marketplace,,2026-02-12,https://www.facebook.com/marketplace/item/972720998314127,https://scontent-lax3-1.xx.fbcdn.net/v/t39.30808-6/550900334_122160021734783497_2471456275877759745_n.jpg?stp=c0.298.720.720a_dst-jpg_s261x260_tt6&_nc_cat=104&ccb=1-7&_nc_sid=454cf4&_nc_ohc=Jv5rTEeSz9QQ7kNvwGdg-Yt&_nc_oc=AdlOBOnw7yIrzvVhZnt0B1s_zoZhQ4vFZkgfoYizVgr9AzQ8zapDQ3kinP2YbE75UJY&_nc_zt=23&_nc_ht=scontent-lax3-1.xx&_nc_gid=d5_OG3rPs00tQg1DKYkYBg&oh=00_AfvWk9f1y0tPhPHaF6rG6RKO6TYxFmUrE7IZwJy7osfIjg&oe=6992E19D,Active
861972176301430,Terrain 1 lot quart soit 700m² Nyekonakpoè Togo chaussures,Terrain,Vente,Lomé,Nyekonakpo,350.0,70000000.0,200000.0,,,Facebook Marketplace,,2026-02-12,https://www.facebook.com/marketplace/item/861972176301430,https://scontent-lax3-1.xx.fbcdn.net/v/t39.84726-6/592882917_1451830912978432_7771665090961574986_n.jpg?stp=c0.42.261.261a_dst-jpg_p261x260_tt6&_nc_cat=102&ccb=1-7&_nc_sid=92e707&_nc_ohc=TqewCi0r3jQQ7kNvwE1COKw&_nc_oc=AdnQlwP4c5Q5hcvd4cGG62L-OYHJb5kz_u3ZCeFpmLFIuejwYUsvYi1trku4Mrv2Z10&_nc_zt=14&_nc_ht=scontent-lax3-1.xx&_nc_gid=d5_OG3rPs00tQg1DKYkYBg&oh=00_AfvOqZ_lIzEdsRSfvDS4Dpo_VX8UPmenQfRxRxTP51E_Kw&oe=6992ED4B,Active
2416008205500965,Terrain 6 lots collés Adewui à côté de l'université de Lomé,Terrain,Vente,Lomé,Adewui,2100.0,40000000.0,19047.62,,,Facebook Marketplace,,2026-02-12,https://www.facebook.com/marketplace/item/2416008205500965,https://scontent-lax3-1.xx.fbcdn.net/v/t39.84726-6/565718337_1555296505652020_4903461447363012635_n.jpg?stp=c43.0.260.260a_dst-jpg_p261x260_tt6&_nc_cat=110&ccb=1-7&_nc_sid=92e707&_nc_ohc=PON_qO6WtgwQ7kNvwElVGu9&_nc_oc=AdmJZ8OEWzeNaXG_cWkYKp9qrVO6dyf6fRGxCPos2Pcvwj3EGtzczV8b_Sct5F2khgg&_nc_zt=14&_nc_ht=scontent-lax3-1.xx&_nc_gid=d5_OG3rPs00tQg1DKYkYBg&oh=00_Afva6WjxwQXejAF3ugH5FmcwVZoAGL_A7_pRYrvgTf7byw&oe=6992F4C6,Active
755602220669097,VENTE DE TERRAIN A NOTSÈ À 13 KLM DU GOUDRON 🇹🇬,Terrain,Vente,Notsé,Non spécifié,43.75,400000.0,9142.86,,,Facebook Marketplace,,2026-02-12,https://www.facebook.com/marketplace/item/755602220669097,https://scontent-lax3-2.xx.fbcdn.net/v/t39.30808-6/553049062_122160022316783497_2471838523079608641_n.jpg?stp=c0.298.720.720a_dst-jpg_s261x260_tt6&_nc_cat=103&ccb=1-7&_nc_sid=454cf4&_nc_ohc=K9YGXqxDsicQ7kNvwEAB0ch&_nc_oc=AdksHP2nfCN9f3KZfMb7pm4rn_9YTDeE6a9dEnQJce5B8Blq4_In41QMQl-EecHhOTY&_nc_zt=23&_nc_ht=scontent-lax3-2.xx&_nc_gid=d5_OG3rPs00tQg1DKYkYBg&oh=00_AfsO1K3pYtsEGIqjWf5rV9bLAHjVSKUVaqjVv8IZT0CmVw&oe=69930B51,Active
2521989231517789,Terrain en vente a Lome baguida bateauvi,Terrain,Vente,Lomé,Baguida,700.0,17000000.0,24285.71,,,Facebook Marketplace,,2026-02-12,https://www.facebook.com/marketplace/item/2521989231517789,https://scontent-lax3-2.xx.fbcdn.net/v/t39.84726-6/571145201_838257595331757_434113548305170927_n.jpg?stp=c101.0.260.260a_dst-jpg_p261x260_tt6&_nc_cat=107&ccb=1-7&_nc_sid=92e707&_nc_ohc=fJ1MjsKQroQQ7kNvwEE5AnZ&_nc_oc=AdkXwQoOGiBIzAhBBSqQPhs7Pfzd4D2uoSyBdnHJONBhMB0zfwQnDJ9K9u8n_IuIMOU&_nc_zt=14&_nc_ht=scontent-lax3-2.xx&_nc_gid=d5_OG3rPs00tQg1DKYkYBg&oh=00_Afvrv0yj8bf44EBcYGIk1uZhmHNXKQ7MezgOq6MMBKT18g&oe=6992F774,Active
830106413381549,Terrain à vendre à tokoin 3k,Terrain,Vente,Lomé,Tokoin,700.0,75000000.0,107142.86,,,Facebook Marketplace,,2026-02-12,https://www.facebook.com/marketplace/item/830106413381549,https://scontent-lax3-2.xx.fbcdn.net/v/t39.84726-6/627125256_1993415998240655_180660235884606797_n.jpg?stp=c0.52.261.261a_dst-jpg_p261x260_tt6&_nc_cat=107&ccb=1-7&_nc_sid=92e707&_nc_ohc=sbszjy6RsnoQ7kNvwFmb5ZN&_nc_oc=Adna6m_Z0fajAbUtoRqfMxq-8haHAj5Ah02gS8ogrXH76vx1mGvGRhWE22b58ToHwlQ&_nc_zt=14&_nc_ht=scontent-lax3-2.xx&_nc_gid=d5_OG3rPs00tQg1DKYkYBg&oh=00_Afv-mjZXAtDFNuNhuCaWh6mycWZrBx3sPPRdLgOZWAKyzg&oe=6992E4E8,Active
817109527912957,"Terrain 1lot et ¼ ,bâti clôturé à vendre à Lomé quartier cacavéli 00228 91 68 75 87",Terrain,Vente,Lomé,Cacavéli,350.0,50000000.0,142857.14,,,Facebook Marketplace,,2026-02-12,https://www.facebook.com/marketplace/item/817109527912957,https://scontent-lax3-1.xx.fbcdn.net/v/t39.84726-6/576982671_700375642632827_1895353828139102569_n.jpg?stp=c0.0.261.261a_dst-jpg_p261x260_tt6&_nc_cat=108&ccb=1-7&_nc_sid=92e707&_nc_ohc=pVJ22QxX1eIQ7kNvwHCsrsG&_nc_oc=AdkQWYnJ106oIRM4Jydu4kR2eXtNFDdYmaPnoDGRo2PGwJLA06xYiij-H6pQcyvnjT4&_nc_zt=14&_nc_ht=scontent-lax3-1.xx&_nc_gid=d5_OG3rPs00tQg1DKYkYBg&oh=00_AfvD05EpE-rXrAs7SzXaIHBOZE4st3mJGs680BnrXSb1pg&oe=6992EA72,Active
1387321576131393,TERRAIN À VENDRE,Terrain,Vente,Lomé,Non spécifié,350.0,4000000.0,11428.57,,,Facebook Marketplace,,2026-02-12,https://www.facebook.com/marketplace/item/1387321576131393,https://scontent-atl3-3.xx.fbcdn.net/v/t39.30808-6/613928309_1391825239345443_1679648957775150070_n.jpg?stp=c0.89.810.810a_dst-jpg_s261x260_tt6&_nc_cat=107&ccb=1-7&_nc_sid=454cf4&_nc_ohc=x0ju9fVSZLwQ7kNvwGA5zr1&_nc_oc=AdnptfOMORhXh2QcuJMHEYCxcFXU6qCm6UErZLM6ite2kEYMgq5-ok1FXowObRZ0C7w&_nc_zt=23&_nc_ht=scontent-atl3-3.xx&_nc_gid=RfG3D8TkD1lf25FDurpFlw&oh=00_AftfoU6u4xAWbaPDWSeir5Qv29X5lVVHE3YSK-XJ7yr2pw&oe=699305F5,Active
1511529027638996,Terrain quart de Lot en vente a Lomé mission tové,Terrain,Vente,Lomé,Non spécifié,87.5,2000000.0,22857.14,,,Facebook Marketplace,,2026-02-12,https://www.facebook.com/marketplace/item/1511529027638996,https://scontent-atl3-3.xx.fbcdn.net/v/t39.84726-6/630630558_897967796215599_8238965417535832047_n.jpg?stp=c0.57.261.261a_dst-jpg_p261x260_tt6&_nc_cat=105&ccb=1-7&_nc_sid=92e707&_nc_ohc=W7pk-iaKtnsQ7kNvwHAPBAM&_nc_oc=AdnegXLdAp3yxffUi_uZNH2a35rUw7ESPTsCrULrMrRbVVBg9B-KuyttiFm6_UvDQsc&_nc_zt=14&_nc_ht=scontent-atl3-3.xx&_nc_gid=RfG3D8TkD1lf25FDurpFlw&oh=00_AfsJdq9mr7QILzxgOu4QfLhCZ6EEZgFtVCXsSuWVEv-iQg&oe=6992D55D,Active
