[
  {
    "id_bien":"1389932642267793",
    "titre_complet":"Terrain 1lot et 1\/4 à Nanegbe Lomé Terrain 1lot et 1\/4 à Nanegbe Lomé",
    "type_bien":"Terrain",
    "type_offre":"Vente",
    "ville":"Lomé",
    "quartier":"Non spécifié",
    "surface_m2":350.0,
    "prix_fcfa":2850000.0,
    "prix_m2":8142.86,
    "latitude":null,
    "longitude":null,
    "source":"Facebook Marketplace",
    "date_publication":null,
    "date_collecte":"2026-02-12",
    "url_annonce":"https:\/\/www.facebook.com\/marketplace\/item\/1389932642267793",
    "url_photo":"https:\/\/scontent-ord5-2.xx.fbcdn.net\/v\/t39.30808-6\/623480155_3388055581342738_7532153724689598854_n.jpg?stp=c0.86.780.780a_dst-jpg_s261x260_tt6&_nc_cat=102&ccb=1-7&_nc_sid=454cf4&_nc_ohc=4pP0JGA4bnYQ7kNvwGt9MS1&_nc_oc=AdnEOEwP_UULcPoT4YSk4203PXB7zXUnWa8PmPdVJQBJHMqyTsrPOkpmKxHpTxODJgo&_nc_zt=23&_nc_ht=scontent-ord5-2.xx&_nc_gid=mZpm05EGj7y2RCTRD4c54Q&oh=00_AfsYJ6CjKeG3MDtzIhfg4Es6bA7xqXYYWn9cIi4eS2V7kw&oe=6992E388",
    "statut":"Active"
  },
  {
    "id_bien":"1213249704274682",
    "titre_complet":"☎️🇹🇬 TÉL [hidden information] TERRAIN A vendre à Lomé quartier adidogome wonyome 1\/4 de lot ☎️🇹🇬 TÉL [hidden information] TERRAIN A vendre à Lomé quartier adidogome wonyome 1\/4 de lot",
    "type_bien":"Terrain",
    "type_offre":"Vente",
    "ville":"Lomé",
    "quartier":"Non spécifié",
    "surface_m2":87.5,
    "prix_fcfa":9000000.0,
    "prix_m2":102857.14,
    "latitude":null,
    "longitude":null,
    "source":"Facebook Marketplace",
    "date_publication":null,
    "date_collecte":"2026-02-12",
    "url_annonce":"https:\/\/www.facebook.com\/marketplace\/item\/1213249704274682",
    "url_photo":"https:\/\/scontent-ord5-2.xx.fbcdn.net\/v\/t39.30808-6\/632903584_122209787000324094_1131288117072020156_n.jpg?stp=c0.86.780.780a_dst-jpg_s261x260_tt6&_nc_cat=103&ccb=1-7&_nc_sid=454cf4&_nc_ohc=4A51sEYfdAQQ7kNvwFPUCaY&_nc_oc=AdlhOWxnu-mbhmJIH9YsFwwegl8dvYPvBjauIDFGzEQ07i_Na6UqEZcF3xcsmvi3YhE&_nc_zt=23&_nc_ht=scontent-ord5-2.xx&_nc_gid=mZpm05EGj7y2RCTRD4c54Q&oh=00_Afth4nfYkRbRl7FkQ1V_K4eo3hCnje52GA5tD3VRYKMs3g&oe=69930BB4",
    "statut":"Active"
  },
  {
    "id_bien":"1269979174929653",
    "titre_complet":"OPPORTUNITÉ UNIQUE À LOMÉ – TERRAIN AU BORD DU GOUDRON EN ANGLE DE RUE DE 499m² CLÔTURÉ SUR LA ROUTE OPPORTUNITÉ UNIQUE À LOMÉ – TERRAIN AU BORD DU GOUDRON EN ANGLE DE RUE DE 499m² CLÔTURÉ SUR LA ROUTE",
    "type_bien":"Terrain",
    "type_offre":"Vente",
    "ville":"Lomé",
    "quartier":"Non spécifié",
    "surface_m2":499.0,
    "prix_fcfa":4900000.0,
    "prix_m2":9819.64,
    "latitude":null,
    "longitude":null,
    "source":"Facebook Marketplace",
    "date_publication":null,
    "date_collecte":"2026-02-12",
    "url_annonce":"https:\/\/www.facebook.com\/marketplace\/item\/1269979174929653",
    "url_photo":"https:\/\/scontent-hou1-1.xx.fbcdn.net\/v\/t39.84726-6\/564732461_1573113844100059_3486293806005803814_n.jpg?stp=c43.0.260.260a_dst-jpg_p261x260_tt6&_nc_cat=100&ccb=1-7&_nc_sid=92e707&_nc_ohc=-jmRac4JRGEQ7kNvwEJ-9SJ&_nc_oc=AdkqvWVOjutSuOqCCiSNoKG2s8_95OMgdrb_pktDMPMMfQUOzk5qVHV46DX3mK_G0Kg&_nc_zt=14&_nc_ht=scontent-hou1-1.xx&_nc_gid=ZUcBXqnoi5MAs_RB9ldMeQ&oh=00_Afuk8TcVCjrS9U0J1nIpDDflOVkemPZtA3jcndc0lRmUjQ&oe=6992D70C",
    "statut":"Active"
  },
  {
    "id_bien":"849567091190563",
    "titre_complet":"À VENDRE 1 LOT DE TERRAIN AU BORD DU GOUDRON DE LOMÉ KPALIMÉ À ZANGUÉRA  À VENDRE 1 LOT DE TERRAIN AU BORD DU GOUDRON DE LOMÉ KPALIMÉ À ZANGUÉRA",
    "type_bien":"Terrain",
    "type_offre":"Vente",
    "ville":"Lomé",
    "quartier":"Kpalimé",
    "surface_m2":350.0,
    "prix_fcfa":40000000.0,
    "prix_m2":114285.71,
    "latitude":null,
    "longitude":null,
    "source":"Facebook Marketplace",
    "date_publication":null,
    "date_collecte":"2026-02-12",
    "url_annonce":"https:\/\/www.facebook.com\/marketplace\/item\/849567091190563",
    "url_photo":"https:\/\/scontent-hou1-1.xx.fbcdn.net\/v\/t39.84726-6\/601960636_2082161499238203_514246624345702179_n.jpg?stp=c43.0.260.260a_dst-jpg_p261x260_tt6&_nc_cat=104&ccb=1-7&_nc_sid=92e707&_nc_ohc=TepVT6dYa7wQ7kNvwEp_QyE&_nc_oc=Adm9-MQOUBOdCm-HEEJ3YfUbR-oJcwJo74RgEx5Or2tnCMMtGcIfH6JGHDFxKPHBNkY&_nc_zt=14&_nc_ht=scontent-hou1-1.xx&_nc_gid=ZUcBXqnoi5MAs_RB9ldMeQ&oh=00_AfsI7-3flHQpOipZJBoiKKwQLVDjtOe-QPtPB0r4AtxAEQ&oe=69930C57",
    "statut":"Active"
  },
  {
    "id_bien":"1965569184035579",
    "titre_complet":"À VENDRE 1\/2 LOT DE TERRAIN À AGOÈ LÉGBASSITO  À VENDRE 1\/2 LOT DE TERRAIN À AGOÈ LÉGBASSITO",
    "type_bien":"Terrain",
    "type_offre":"Vente",
    "ville":"Lomé",
    "quartier":"Non spécifié",
    "surface_m2":175.0,
    "prix_fcfa":16000000.0,
    "prix_m2":91428.57,
    "latitude":null,
    "longitude":null,
    "source":"Facebook Marketplace",
    "date_publication":null,
    "date_collecte":"2026-02-12",
    "url_annonce":"https:\/\/www.facebook.com\/marketplace\/item\/1965569184035579",
    "url_photo":"https:\/\/scontent-hou1-1.xx.fbcdn.net\/v\/t39.84726-6\/618802207_1201596751656048_121301884288006139_n.jpg?stp=c0.43.261.261a_dst-jpg_p261x260_tt6&_nc_cat=111&ccb=1-7&_nc_sid=92e707&_nc_ohc=d23s98zzf2kQ7kNvwHtyzGj&_nc_oc=AdkUS3KhOqlMXLkr2vbvxASbo2_LAMSKYcl3hWx9m5yreE0P5mO-Ml-5XSK1zSD6W9U&_nc_zt=14&_nc_ht=scontent-hou1-1.xx&_nc_gid=ZUcBXqnoi5MAs_RB9ldMeQ&oh=00_Afv73HibMMYakn9UK9lYZvR3ViSlFh_tGIhHTy_NVwMvyA&oe=6992DC47",
    "statut":"Active"
  },
  {
    "id_bien":"826731770416492",
    "titre_complet":"Terrain de 1 lot avec tampon OTR à Noépé à 400m du goudron Terrain de 1 lot avec tampon OTR à Noépé à 400m du goudron",
    "type_bien":"Terrain",
    "type_offre":"Vente",
    "ville":"Lomé",
    "quartier":"Non spécifié",
    "surface_m2":350.0,
    "prix_fcfa":4500000.0,
    "prix_m2":12857.14,
    "latitude":null,
    "longitude":null,
    "source":"Facebook Marketplace",
    "date_publication":null,
    "date_collecte":"2026-02-12",
    "url_annonce":"https:\/\/www.facebook.com\/marketplace\/item\/826731770416492",
    "url_photo":"https:\/\/scontent-atl3-3.xx.fbcdn.net\/v\/t39.30808-6\/619634601_3421555211385792_5020809136997157374_n.jpg?stp=c0.95.368.368a_dst-jpg_s261x260_tt6&_nc_cat=109&ccb=1-7&_nc_sid=454cf4&_nc_ohc=GnLZ75XqbmcQ7kNvwGAFWwE&_nc_oc=AdmGaF7Dk22WF4Ka4W4e436ZH1nZIa29KkRMPGYwJXCOwRE8CuOsz_EJ70c66YDXXzo&_nc_zt=23&_nc_ht=scontent-atl3-3.xx&_nc_gid=fR9gZOsegws4Y-Ueuh_KNw&oh=00_Afvjxv8eyIi1rO4VZXfC8dpSsNhFYGUFAUtGAZ4TscfGpg&oe=699300B3",
    "statut":"Active"
  },
  {
    "id_bien":"1120031826966211",
    "titre_complet":"Terrain de 05 lots collé près de la Nationale N5 Lomé-Kpalimé Terrain de 05 lots collé près de la Nationale N5 Lomé-Kpalimé",
    "type_bien":"Terrain",
    "type_offre":"Vente",
    "ville":"Lomé",
    "quartier":"Kpalimé",
    "surface_m2":1750.0,
    "prix_fcfa":2000000.0,
    "prix_m2":1142.86,
    "latitude":null,
    "longitude":null,
    "source":"Facebook Marketplace",
    "date_publication":null,
    "date_collecte":"2026-02-12",
    "url_annonce":"https:\/\/www.facebook.com\/marketplace\/item\/1120031826966211",
    "url_photo":"https:\/\/scontent-atl3-1.xx.fbcdn.net\/v\/t39.30808-6\/585004997_867770312365481_4315392490414524150_n.jpg?stp=c0.87.816.816a_dst-jpg_s261x260_tt6&_nc_cat=106&ccb=1-7&_nc_sid=454cf4&_nc_ohc=tIKY43qeQ-gQ7kNvwGvDv61&_nc_oc=AdlI849VY8MRkNofyPQSAax0TUwv0SKn_io0if24I28DQaWvO53L4izErZsjQ3j7Jvs&_nc_zt=23&_nc_ht=scontent-atl3-1.xx&_nc_gid=fR9gZOsegws4Y-Ueuh_KNw&oh=00_AfviRGEB0QbEGCvdqXRcB0ajl7UNjpmJPM4HbEcI9Tey5g&oe=6992F0F7",
    "statut":"Active"
  },
  {
    "id_bien":"1358915792675149",
    "titre_complet":"À VENDRE TERRAIN SUR  1\/2 LOT À BAGUIDA - ADAMAVO À 1.8KM DU GOUDRON LOME-ANEHO",
    "type_bien":"Terrain",
    "type_offre":"Vente",
    "ville":"Lomé",
    "quartier":"Non spécifié",
    "surface_m2":175.0,
    "prix_fcfa":18000000.0,
    "prix_m2":102857.14,
    "latitude":null,
    "longitude":null,
    "source":"Facebook Marketplace",
    "date_publication":null,
    "date_collecte":"2026-02-12",
    "url_annonce":"https:\/\/www.facebook.com\/marketplace\/item\/1358915792675149",
    "url_photo":"https:\/\/scontent-atl3-1.xx.fbcdn.net\/v\/t39.84726-6\/619031787_906641381897822_2146965717542359914_n.jpg?stp=c43.0.260.260a_dst-jpg_p261x260_tt6&_nc_cat=104&ccb=1-7&_nc_sid=92e707&_nc_ohc=-ql2AN8q6NwQ7kNvwEkHgLZ&_nc_oc=AdlxFKStSEJ0vCHnAnNZydtcrpVP4RaWB_Nd7MQpO2WrNVHTAujwQdtjXHk4AKz_D58&_nc_zt=14&_nc_ht=scontent-atl3-1.xx&_nc_gid=fR9gZOsegws4Y-Ueuh_KNw&oh=00_AfvkMlb1Xq3B8TZ12Aiz5UmqgTbGqnXawouu5-zLiqRVZA&oe=6992EF33",
    "statut":"Active"
  },
  {
    "id_bien":"1618467042896623",
    "titre_complet":"Terrain a vendre 1lot et 1\/4 Lomé-Nukafu 120 millions Terrain a vendre 1lot et 1\/4 Lomé-Nukafu 120 millions",
    "type_bien":"Terrain",
    "type_offre":"Vente",
    "ville":"Lomé",
    "quartier":"Non spécifié",
    "surface_m2":350.0,
    "prix_fcfa":120000000.0,
    "prix_m2":342857.14,
    "latitude":null,
    "longitude":null,
    "source":"Facebook Marketplace",
    "date_publication":null,
    "date_collecte":"2026-02-12",
    "url_annonce":"https:\/\/www.facebook.com\/marketplace\/item\/1618467042896623",
    "url_photo":"https:\/\/scontent-atl3-1.xx.fbcdn.net\/v\/t39.30808-6\/588232390_1168263832153719_4968130118679295213_n.jpg?stp=c0.224.540.540a_dst-jpg_s261x260_tt6&_nc_cat=101&ccb=1-7&_nc_sid=454cf4&_nc_ohc=-_pvL6tn7eEQ7kNvwEtvuKb&_nc_oc=Adl9_YlOnY4KEvUxbIJG5kpaOzGUtudCYq2seoCGfIrigTlptw3aBWkcsAdNI5EzWPM&_nc_zt=23&_nc_ht=scontent-atl3-1.xx&_nc_gid=fR9gZOsegws4Y-Ueuh_KNw&oh=00_AftN_0BWc4rYJI5J-CVWrQQIxpvP7l9CWgvIr97M2s6OBw&oe=69930B25",
    "statut":"Active"
  },
  {
    "id_bien":"1371129614315994",
    "titre_complet":"*A VENDRE*\n02 LOT de terrain au cœur du grand marché de LOMÉ.\nSurface : 1000 m2.\n\nSitués en angle de *A VENDRE*\n02 LOT de terrain au cœur du grand marché de LOMÉ.\nSurface : 1000 m2.\n\nSitués en angle de",
    "type_bien":"Terrain",
    "type_offre":"Vente",
    "ville":"Lomé",
    "quartier":"Non spécifié",
    "surface_m2":700.0,
    "prix_fcfa":1000000000.0,
    "prix_m2":1428571.4299999999,
    "latitude":null,
    "longitude":null,
    "source":"Facebook Marketplace",
    "date_publication":null,
    "date_collecte":"2026-02-12",
    "url_annonce":"https:\/\/www.facebook.com\/marketplace\/item\/1371129614315994",
    "url_photo":"https:\/\/scontent-atl3-3.xx.fbcdn.net\/v\/t39.30808-6\/618289735_1437332551333870_7731162909587136723_n.jpg?stp=c0.90.1006.1006a_dst-jpg_s261x260_tt6&_nc_cat=110&ccb=1-7&_nc_sid=454cf4&_nc_ohc=mdPYkt3146wQ7kNvwG0ktTO&_nc_oc=Adn8o0kZaWHMJWn4fdZf2llb7jywsveePr-kaTR0U9NtxbXMp2fXtl205kIDP9wrOQs&_nc_zt=23&_nc_ht=scontent-atl3-3.xx&_nc_gid=fR9gZOsegws4Y-Ueuh_KNw&oh=00_Afu29xnXHx3VGPRmxxRcG4H6BM8sDzfLo-TKJf-vvQDCJQ&oe=6992EC51",
    "statut":"Active"
  },
  {
    "id_bien":"24416327744696829",
    "titre_complet":"Terrain 2 lots coller en vente a Lome agoe centre  Terrain 2 lots coller en vente a Lome agoe centre",
    "type_bien":"Terrain",
    "type_offre":"Vente",
    "ville":"Lomé",
    "quartier":"Agoe",
    "surface_m2":700.0,
    "prix_fcfa":90000000.0,
    "prix_m2":128571.43,
    "latitude":null,
    "longitude":null,
    "source":"Facebook Marketplace",
    "date_publication":null,
    "date_collecte":"2026-02-12",
    "url_annonce":"https:\/\/www.facebook.com\/marketplace\/item\/24416327744696829",
    "url_photo":"https:\/\/scontent-lax7-1.xx.fbcdn.net\/v\/t39.84726-6\/570370322_1332113508359209_747618890507332025_n.jpg?stp=c0.43.261.261a_dst-jpg_p261x260_tt6&_nc_cat=105&ccb=1-7&_nc_sid=92e707&_nc_ohc=W6otvq8FnR0Q7kNvwFuZ71N&_nc_oc=AdlbdIJ8c0l_azsuj2g2QSajL3WRoWT9DHal5V3_4Jx4rh6Eu3QZ-ZcnkrpHibrzQqA&_nc_zt=14&_nc_ht=scontent-lax7-1.xx&_nc_gid=d5_OG3rPs00tQg1DKYkYBg&oh=00_Afs3QfRL-7ipS1nmQ8qmzRG-N86nqpNaE4nR_Kt6NmFUCQ&oe=699306CC",
    "statut":"Active"
  },
  {
    "id_bien":"962493309437807",
    "titre_complet":"Terrain : 1\/2 lot avec Titre Foncier P à klikamé non loin campus Lomé Terrain : 1\/2 lot avec Titre Foncier P à klikamé non loin campus Lomé",
    "type_bien":"Terrain",
    "type_offre":"Vente",
    "ville":"Lomé",
    "quartier":"Non spécifié",
    "surface_m2":175.0,
    "prix_fcfa":19000000.0,
    "prix_m2":108571.43,
    "latitude":null,
    "longitude":null,
    "source":"Facebook Marketplace",
    "date_publication":null,
    "date_collecte":"2026-02-12",
    "url_annonce":"https:\/\/www.facebook.com\/marketplace\/item\/962493309437807",
    "url_photo":"https:\/\/scontent-lax7-1.xx.fbcdn.net\/v\/t39.84726-6\/625228734_894104076914270_7231566776185395235_n.jpg?stp=c0.59.261.261a_dst-jpg_p261x260_tt6&_nc_cat=105&ccb=1-7&_nc_sid=92e707&_nc_ohc=ljM1sowD-usQ7kNvwHkqXcn&_nc_oc=AdmIY1N0-BBNaEGVInpX2lDjTf6DULs5z5qTPMR5C1vWmwUPujCw4BVJaTHcEAN1ef4&_nc_zt=14&_nc_ht=scontent-lax7-1.xx&_nc_gid=d5_OG3rPs00tQg1DKYkYBg&oh=00_Afsq-C2KWmNY4F6SbDQaxUwItwv96wWrKK3IfVvMjJ4fGg&oe=6992FDC9",
    "statut":"Active"
  },
  {
    "id_bien":"861972176301430",
    "titre_complet":"Terrain 1 lot quart soit 700m² Nyekonakpoè Togo chaussures  Terrain 1 lot quart soit 700m² Nyekonakpoè Togo chaussures",
    "type_bien":"Terrain",
    "type_offre":"Vente",
    "ville":"Lomé",
    "quartier":"Non spécifié",
    "surface_m2":350.0,
    "prix_fcfa":70000000.0,
    "prix_m2":200000.0,
    "latitude":null,
    "longitude":null,
    "source":"Facebook Marketplace",
    "date_publication":null,
    "date_collecte":"2026-02-12",
    "url_annonce":"https:\/\/www.facebook.com\/marketplace\/item\/861972176301430",
    "url_photo":"https:\/\/scontent-lax3-1.xx.fbcdn.net\/v\/t39.84726-6\/592882917_1451830912978432_7771665090961574986_n.jpg?stp=c0.42.261.261a_dst-jpg_p261x260_tt6&_nc_cat=102&ccb=1-7&_nc_sid=92e707&_nc_ohc=TqewCi0r3jQQ7kNvwE1COKw&_nc_oc=AdnQlwP4c5Q5hcvd4cGG62L-OYHJb5kz_u3ZCeFpmLFIuejwYUsvYi1trku4Mrv2Z10&_nc_zt=14&_nc_ht=scontent-lax3-1.xx&_nc_gid=d5_OG3rPs00tQg1DKYkYBg&oh=00_AfvOqZ_lIzEdsRSfvDS4Dpo_VX8UPmenQfRxRxTP51E_Kw&oe=6992ED4B",
    "statut":"Active"
  },
  {
    "id_bien":"2416008205500965",
    "titre_complet":"Terrain 6 lots collés Adewui à côté de l'université de Lomé  Terrain 6 lots collés Adewui à côté de l'université de Lomé",
    "type_bien":"Terrain",
    "type_offre":"Vente",
    "ville":"Lomé",
    "quartier":"Adewui",
    "surface_m2":2100.0,
    "prix_fcfa":40000000.0,
    "prix_m2":19047.62,
    "latitude":null,
    "longitude":null,
    "source":"Facebook Marketplace",
    "date_publication":null,
    "date_collecte":"2026-02-12",
    "url_annonce":"https:\/\/www.facebook.com\/marketplace\/item\/2416008205500965",
    "url_photo":"https:\/\/scontent-lax3-1.xx.fbcdn.net\/v\/t39.84726-6\/565718337_1555296505652020_4903461447363012635_n.jpg?stp=c43.0.260.260a_dst-jpg_p261x260_tt6&_nc_cat=110&ccb=1-7&_nc_sid=92e707&_nc_ohc=PON_qO6WtgwQ7kNvwElVGu9&_nc_oc=AdmJZ8OEWzeNaXG_cWkYKp9qrVO6dyf6fRGxCPos2Pcvwj3EGtzczV8b_Sct5F2khgg&_nc_zt=14&_nc_ht=scontent-lax3-1.xx&_nc_gid=d5_OG3rPs00tQg1DKYkYBg&oh=00_Afva6WjxwQXejAF3ugH5FmcwVZoAGL_A7_pRYrvgTf7byw&oe=6992F4C6",
    "statut":"Active"
  },
  {
    "id_bien":"817109527912957",
    "titre_complet":"Terrain 1lot et ¼ ,bâti clôturé à vendre à Lomé quartier cacavéli 00228 91 68 75 87  Terrain 1lot et ¼ ,bâti clôturé à vendre à Lomé quartier cacavéli 00228 91 68 75 87",
    "type_bien":"Terrain",
    "type_offre":"Vente",
    "ville":"Lomé",
    "quartier":"Non spécifié",
    "surface_m2":350.0,
    "prix_fcfa":50000000.0,
    "prix_m2":142857.14,
    "latitude":null,
    "longitude":null,
    "source":"Facebook Marketplace",
    "date_publication":null,
    "date_collecte":"2026-02-12",
    "url_annonce":"https:\/\/www.facebook.com\/marketplace\/item\/817109527912957",
    "url_photo":"https:\/\/scontent-lax3-1.xx.fbcdn.net\/v\/t39.84726-6\/576982671_700375642632827_1895353828139102569_n.jpg?stp=c0.0.261.261a_dst-jpg_p261x260_tt6&_nc_cat=108&ccb=1-7&_nc_sid=92e707&_nc_ohc=pVJ22QxX1eIQ7kNvwHCsrsG&_nc_oc=AdkQWYnJ106oIRM4Jydu4kR2eXtNFDdYmaPnoDGRo2PGwJLA06xYiij-H6pQcyvnjT4&_nc_zt=14&_nc_ht=scontent-lax3-1.xx&_nc_gid=d5_OG3rPs00tQg1DKYkYBg&oh=00_AfvD05EpE-rXrAs7SzXaIHBOZE4st3mJGs680BnrXSb1pg&oe=6992EA72",
    "statut":"Active"
  }
]